datetimeobject,variable,value
2020-01-22,5d,
2020-01-23,5d,
2020-01-24,5d,
2020-01-25,5d,
2020-01-26,5d,0.0
2020-01-27,5d,0.0
2020-01-28,5d,0.0
2020-01-29,5d,0.0
2020-01-30,5d,0.0
2020-01-31,5d,0.0
2020-02-01,5d,0.0
2020-02-02,5d,0.0
2020-02-03,5d,0.0
2020-02-04,5d,0.0
2020-02-05,5d,0.0
2020-02-06,5d,0.0
2020-02-07,5d,0.0
2020-02-08,5d,0.0
2020-02-09,5d,0.0
2020-02-10,5d,0.0
2020-02-11,5d,0.0
2020-02-12,5d,0.0
2020-02-13,5d,0.0
2020-02-14,5d,0.0
2020-02-15,5d,0.0
2020-02-16,5d,0.0
2020-02-17,5d,0.0
2020-02-18,5d,0.0
2020-02-19,5d,0.0
2020-02-20,5d,0.0
2020-02-21,5d,0.0
2020-02-22,5d,0.0
2020-02-23,5d,0.0
2020-02-24,5d,0.0
2020-02-25,5d,0.0
2020-02-26,5d,0.0
2020-02-27,5d,0.0
2020-02-28,5d,2.0
2020-02-29,5d,2.0
2020-03-01,5d,2.0
2020-03-02,5d,3.0
2020-03-03,5d,3.0
2020-03-04,5d,3.0
2020-03-05,5d,3.0
2020-03-06,5d,4.0
2020-03-07,5d,4.0
2020-03-08,5d,4.0
2020-03-09,5d,4.0
2020-03-10,5d,4.0
2020-03-11,5d,4.0
2020-03-12,5d,6.0
2020-03-13,5d,6.0
2020-03-14,5d,8.0
2020-03-15,5d,9.0
2020-03-16,5d,15.0
2020-03-17,5d,21.0
2020-03-18,5d,22.0
2020-03-19,5d,31.0
2020-03-20,5d,46.0
2020-03-21,5d,61.0
2020-03-22,5d,68.0
2020-03-23,5d,97.0
2020-03-24,5d,143.0
2020-03-25,5d,231.0
2020-03-26,5d,232.0
2020-03-27,5d,311.0
2020-03-28,5d,401.0
2020-03-29,5d,516.0
2020-03-30,5d,519.0
2020-03-31,5d,577.0
2020-04-01,5d,861.0
2020-04-02,5d,988.0
2020-04-03,5d,1149.0
2020-04-04,5d,1259.0
2020-04-05,5d,1285.0
2020-04-06,5d,1285.0
2020-04-07,5d,1440.0
2020-04-08,5d,1944.0
2020-04-09,5d,1956.0
2020-04-10,5d,1972.0
2020-04-11,5d,1982.0
2020-04-12,5d,1982.0
2020-04-13,5d,1982.0
2020-04-14,5d,2055.0
2020-04-15,5d,2287.0
2020-04-16,5d,2287.0
2020-04-17,5d,2287.0
2020-04-18,5d,2287.0
2020-04-19,5d,2141.0
2020-04-20,5d,2077.0
2020-04-21,5d,2077.0
2020-04-22,5d,2065.0
2020-04-23,5d,2065.0
2020-04-24,5d,2065.0
2020-04-25,5d,2065.0
2020-04-26,5d,1865.0
2020-04-27,5d,1764.0
2020-04-28,5d,1865.0
2020-04-29,5d,2042.0
2020-04-30,5d,2117.0
2020-05-01,5d,2117.0
2020-05-02,5d,2117.0
2020-05-03,5d,2117.0
2020-05-04,5d,1753.0
2020-05-05,5d,1753.0
2020-05-06,5d,1932.0
2020-05-07,5d,2445.0
2020-05-08,5d,2445.0
2020-05-09,5d,2445.0
2020-05-10,5d,1932.0
2020-05-11,5d,1779.0
2020-05-12,5d,1472.0
2020-05-13,5d,1472.0
2020-05-14,5d,1696.0
2020-05-15,5d,1696.0
2020-05-16,5d,1696.0
2020-05-17,5d,1696.0
2020-05-18,5d,1502.0
2020-05-19,5d,1325.0
2020-05-20,5d,1325.0
2020-05-21,5d,1388.0
2020-05-22,5d,1388.0
2020-05-23,5d,1388.0
2020-05-24,5d,1388.0
2020-05-25,5d,1335.0
2020-05-26,5d,1060.0
2020-05-27,5d,1060.0
2020-05-28,5d,1226.0
2020-05-29,5d,1226.0
2020-05-30,5d,1226.0
2020-05-31,5d,1226.0
2020-06-01,5d,1179.0
2020-06-02,5d,959.0
2020-06-03,5d,959.0
2020-06-04,5d,959.0
2020-06-05,5d,959.0
2020-06-06,5d,959.0
2020-06-07,5d,888.0
2020-06-08,5d,823.0
2020-06-09,5d,823.0
2020-06-10,5d,885.0
2020-06-11,5d,898.0
2020-06-12,5d,898.0
2020-06-13,5d,898.0
2020-06-14,5d,885.0
2020-06-15,5d,772.0
2020-06-16,5d,729.0
2020-06-17,5d,729.0
2020-06-18,5d,729.0
2020-06-19,5d,729.0
2020-06-20,5d,729.0
2020-06-21,5d,704.0
2020-06-22,5d,655.0
2020-06-23,5d,655.0
2020-06-24,5d,708.0
2020-06-25,5d,724.0
2020-06-26,5d,724.0
2020-06-27,5d,724.0
2020-06-28,5d,724.0
2020-06-29,5d,636.0
2020-06-30,5d,596.0
2020-07-01,5d,596.0
2020-07-02,5d,697.0
2020-07-03,5d,697.0
2020-07-04,5d,697.0
2020-07-05,5d,697.0
2020-07-06,5d,597.0
2020-07-07,5d,597.0
2020-07-08,5d,897.0
2020-07-09,5d,897.0
2020-07-10,5d,897.0
2020-07-11,5d,897.0
2020-07-12,5d,867.0
2020-07-13,5d,854.0
2020-07-14,5d,757.0
2020-07-15,5d,757.0
2020-07-16,5d,858.0
2020-07-17,5d,951.0
2020-07-18,5d,951.0
2020-07-19,5d,951.0
2020-07-20,5d,951.0
2020-07-21,5d,951.0
2020-07-22,5d,1038.0
2020-07-23,5d,1039.0
2020-07-24,5d,1117.0
2020-07-25,5d,1117.0
2020-07-26,5d,1117.0
2020-07-27,5d,1059.0
2020-01-22,6d,
2020-01-23,6d,
2020-01-24,6d,
2020-01-25,6d,
2020-01-26,6d,
2020-01-27,6d,0.0
2020-01-28,6d,0.0
2020-01-29,6d,0.0
2020-01-30,6d,0.0
2020-01-31,6d,0.0
2020-02-01,6d,0.0
2020-02-02,6d,0.0
2020-02-03,6d,0.0
2020-02-04,6d,0.0
2020-02-05,6d,0.0
2020-02-06,6d,0.0
2020-02-07,6d,0.0
2020-02-08,6d,0.0
2020-02-09,6d,0.0
2020-02-10,6d,0.0
2020-02-11,6d,0.0
2020-02-12,6d,0.0
2020-02-13,6d,0.0
2020-02-14,6d,0.0
2020-02-15,6d,0.0
2020-02-16,6d,0.0
2020-02-17,6d,0.0
2020-02-18,6d,0.0
2020-02-19,6d,0.0
2020-02-20,6d,0.0
2020-02-21,6d,0.0
2020-02-22,6d,0.0
2020-02-23,6d,0.0
2020-02-24,6d,0.0
2020-02-25,6d,0.0
2020-02-26,6d,0.0
2020-02-27,6d,0.0
2020-02-28,6d,1.5
2020-02-29,6d,1.75
2020-03-01,6d,2.0
2020-03-02,6d,2.75
2020-03-03,6d,3.0
2020-03-04,6d,3.0
2020-03-05,6d,3.0
2020-03-06,6d,3.75
2020-03-07,6d,3.75
2020-03-08,6d,4.0
2020-03-09,6d,4.0
2020-03-10,6d,4.0
2020-03-11,6d,5.5
2020-03-12,6d,5.5
2020-03-13,6d,5.5
2020-03-14,6d,7.5
2020-03-15,6d,8.75
2020-03-16,6d,13.5
2020-03-17,6d,19.5
2020-03-18,6d,21.75
2020-03-19,6d,28.75
2020-03-20,6d,42.25
2020-03-21,6d,57.25
2020-03-22,6d,66.25
2020-03-23,6d,89.75
2020-03-24,6d,131.5
2020-03-25,6d,209.0
2020-03-26,6d,231.75
2020-03-27,6d,291.25
2020-03-28,6d,378.5
2020-03-29,6d,487.25
2020-03-30,6d,518.25
2020-03-31,6d,562.5
2020-04-01,6d,790.0
2020-04-02,6d,956.25
2020-04-03,6d,1108.75
2020-04-04,6d,1231.5
2020-04-05,6d,1278.5
2020-04-06,6d,1278.5
2020-04-07,6d,1401.25
2020-04-08,6d,1818.0
2020-04-09,6d,1953.0
2020-04-10,6d,1968.0
2020-04-11,6d,1979.5
2020-04-12,6d,1979.5
2020-04-13,6d,1979.5
2020-04-14,6d,2036.75
2020-04-15,6d,2229.0
2020-04-16,6d,2250.5
2020-04-17,6d,2250.5
2020-04-18,6d,2250.5
2020-04-19,6d,2250.5
2020-04-20,6d,2125.0
2020-04-21,6d,2125.0
2020-04-22,6d,2074.0
2020-04-23,6d,2008.0
2020-04-24,6d,2015.0
2020-04-25,6d,2015.0
2020-04-26,6d,2015.0
2020-04-27,6d,1839.75
2020-04-28,6d,1839.75
2020-04-29,6d,1997.75
2020-04-30,6d,2098.25
2020-05-01,6d,2098.25
2020-05-02,6d,2098.25
2020-05-03,6d,2098.25
2020-05-04,6d,2026.0
2020-05-05,6d,2026.0
2020-05-06,6d,1887.25
2020-05-07,6d,2316.75
2020-05-08,6d,2316.75
2020-05-09,6d,2316.75
2020-05-10,6d,2316.75
2020-05-11,6d,1893.75
2020-05-12,6d,1702.25
2020-05-13,6d,1640.0
2020-05-14,6d,1640.0
2020-05-15,6d,1647.5
2020-05-16,6d,1647.5
2020-05-17,6d,1647.5
2020-05-18,6d,1647.5
2020-05-19,6d,1457.75
2020-05-20,6d,1375.25
2020-05-21,6d,1372.25
2020-05-22,6d,1374.75
2020-05-23,6d,1374.75
2020-05-24,6d,1374.75
2020-05-25,6d,1374.75
2020-05-26,6d,1266.25
2020-05-27,6d,1253.5
2020-05-28,6d,1184.5
2020-05-29,6d,1214.25
2020-05-30,6d,1214.25
2020-05-31,6d,1214.25
2020-06-01,6d,1214.25
2020-06-02,6d,1124.0
2020-06-03,6d,983.0
2020-06-04,6d,951.5
2020-06-05,6d,941.25
2020-06-06,6d,941.25
2020-06-07,6d,941.25
2020-06-08,6d,871.75
2020-06-09,6d,871.75
2020-06-10,6d,869.5
2020-06-11,6d,894.75
2020-06-12,6d,894.75
2020-06-13,6d,894.75
2020-06-14,6d,894.75
2020-06-15,6d,856.75
2020-06-16,6d,761.25
2020-06-17,6d,757.5
2020-06-18,6d,722.75
2020-06-19,6d,722.75
2020-06-20,6d,722.75
2020-06-21,6d,722.75
2020-06-22,6d,691.75
2020-06-23,6d,691.75
2020-06-24,6d,694.75
2020-06-25,6d,720.0
2020-06-26,6d,720.0
2020-06-27,6d,720.0
2020-06-28,6d,720.0
2020-06-29,6d,702.0
2020-06-30,6d,626.0
2020-07-01,6d,626.0
2020-07-02,6d,671.75
2020-07-03,6d,672.0
2020-07-04,6d,672.0
2020-07-05,6d,672.0
2020-07-06,6d,672.0
2020-07-07,6d,672.0
2020-07-08,6d,822.0
2020-07-09,6d,889.5
2020-07-10,6d,889.5
2020-07-11,6d,889.5
2020-07-12,6d,889.5
2020-07-13,6d,863.75
2020-07-14,6d,829.75
2020-07-15,6d,829.75
2020-07-16,6d,832.75
2020-07-17,6d,927.75
2020-07-18,6d,931.25
2020-07-19,6d,931.25
2020-07-20,6d,931.25
2020-07-21,6d,968.25
2020-07-22,6d,1016.25
2020-07-23,6d,1038.75
2020-07-24,6d,1097.5
2020-07-25,6d,1097.5
2020-07-26,6d,1097.5
2020-07-27,6d,1102.5
2020-01-22,7d,
2020-01-23,7d,
2020-01-24,7d,
2020-01-25,7d,
2020-01-26,7d,
2020-01-27,7d,
2020-01-28,7d,0.0
2020-01-29,7d,0.0
2020-01-30,7d,0.0
2020-01-31,7d,0.0
2020-02-01,7d,0.0
2020-02-02,7d,0.0
2020-02-03,7d,0.0
2020-02-04,7d,0.0
2020-02-05,7d,0.0
2020-02-06,7d,0.0
2020-02-07,7d,0.0
2020-02-08,7d,0.0
2020-02-09,7d,0.0
2020-02-10,7d,0.0
2020-02-11,7d,0.0
2020-02-12,7d,0.0
2020-02-13,7d,0.0
2020-02-14,7d,0.0
2020-02-15,7d,0.0
2020-02-16,7d,0.0
2020-02-17,7d,0.0
2020-02-18,7d,0.0
2020-02-19,7d,0.0
2020-02-20,7d,0.0
2020-02-21,7d,0.0
2020-02-22,7d,0.0
2020-02-23,7d,0.0
2020-02-24,7d,0.0
2020-02-25,7d,0.0
2020-02-26,7d,0.0
2020-02-27,7d,0.0
2020-02-28,7d,1.0
2020-02-29,7d,1.5
2020-03-01,7d,2.0
2020-03-02,7d,2.5
2020-03-03,7d,3.0
2020-03-04,7d,3.0
2020-03-05,7d,3.0
2020-03-06,7d,3.5
2020-03-07,7d,3.5
2020-03-08,7d,4.0
2020-03-09,7d,4.0
2020-03-10,7d,4.0
2020-03-11,7d,5.0
2020-03-12,7d,6.0
2020-03-13,7d,5.0
2020-03-14,7d,7.0
2020-03-15,7d,8.5
2020-03-16,7d,12.0
2020-03-17,7d,18.0
2020-03-18,7d,21.5
2020-03-19,7d,26.5
2020-03-20,7d,38.5
2020-03-21,7d,53.5
2020-03-22,7d,64.5
2020-03-23,7d,82.5
2020-03-24,7d,120.0
2020-03-25,7d,187.0
2020-03-26,7d,231.5
2020-03-27,7d,271.5
2020-03-28,7d,356.0
2020-03-29,7d,458.5
2020-03-30,7d,517.5
2020-03-31,7d,548.0
2020-04-01,7d,719.0
2020-04-02,7d,924.5
2020-04-03,7d,1068.5
2020-04-04,7d,1204.0
2020-04-05,7d,1272.0
2020-04-06,7d,1272.0
2020-04-07,7d,1362.5
2020-04-08,7d,1692.0
2020-04-09,7d,1950.0
2020-04-10,7d,1964.0
2020-04-11,7d,1977.0
2020-04-12,7d,1977.0
2020-04-13,7d,1977.0
2020-04-14,7d,2018.5
2020-04-15,7d,2171.0
2020-04-16,7d,2214.0
2020-04-17,7d,2214.0
2020-04-18,7d,2214.0
2020-04-19,7d,2214.0
2020-04-20,7d,2214.0
2020-04-21,7d,2285.0
2020-04-22,7d,2109.0
2020-04-23,7d,2071.0
2020-04-24,7d,1965.0
2020-04-25,7d,1965.0
2020-04-26,7d,1965.0
2020-04-27,7d,1965.0
2020-04-28,7d,1953.5
2020-04-29,7d,1953.5
2020-04-30,7d,2079.5
2020-05-01,7d,2079.5
2020-05-02,7d,2079.5
2020-05-03,7d,2079.5
2020-05-04,7d,2079.5
2020-05-05,7d,2281.0
2020-05-06,7d,2024.5
2020-05-07,7d,2188.5
2020-05-08,7d,2188.5
2020-05-09,7d,2188.5
2020-05-10,7d,2188.5
2020-05-11,7d,2188.5
2020-05-12,7d,1855.5
2020-05-13,7d,1737.5
2020-05-14,7d,1737.5
2020-05-15,7d,1599.0
2020-05-16,7d,1599.0
2020-05-17,7d,1599.0
2020-05-18,7d,1599.0
2020-05-19,7d,1599.0
2020-05-20,7d,1447.0
2020-05-21,7d,1390.0
2020-05-22,7d,1361.5
2020-05-23,7d,1361.5
2020-05-24,7d,1361.5
2020-05-25,7d,1361.5
2020-05-26,7d,1361.5
2020-05-27,7d,1326.5
2020-05-28,7d,1272.0
2020-05-29,7d,1202.5
2020-05-30,7d,1202.5
2020-05-31,7d,1202.5
2020-06-01,7d,1202.5
2020-06-02,7d,1202.5
2020-06-03,7d,1085.0
2020-06-04,7d,975.0
2020-06-05,7d,944.0
2020-06-06,7d,923.5
2020-06-07,7d,923.5
2020-06-08,7d,923.5
2020-06-09,7d,893.0
2020-06-10,7d,886.5
2020-06-11,7d,891.5
2020-06-12,7d,891.5
2020-06-13,7d,891.5
2020-06-14,7d,891.5
2020-06-15,7d,891.5
2020-06-16,7d,828.5
2020-06-17,7d,769.5
2020-06-18,7d,748.0
2020-06-19,7d,716.5
2020-06-20,7d,716.5
2020-06-21,7d,716.5
2020-06-22,7d,716.5
2020-06-23,7d,706.0
2020-06-24,7d,706.0
2020-06-25,7d,716.0
2020-06-26,7d,716.0
2020-06-27,7d,716.0
2020-06-28,7d,716.0
2020-06-29,7d,716.0
2020-06-30,7d,680.0
2020-07-01,7d,668.5
2020-07-02,7d,666.5
2020-07-03,7d,647.0
2020-07-04,7d,647.0
2020-07-05,7d,647.0
2020-07-06,7d,647.0
2020-07-07,7d,699.0
2020-07-08,7d,797.0
2020-07-09,7d,882.0
2020-07-10,7d,882.0
2020-07-11,7d,882.0
2020-07-12,7d,882.0
2020-07-13,7d,882.0
2020-07-14,7d,860.5
2020-07-15,7d,856.0
2020-07-16,7d,856.0
2020-07-17,7d,904.5
2020-07-18,7d,911.5
2020-07-19,7d,911.5
2020-07-20,7d,911.5
2020-07-21,7d,962.5
2020-07-22,7d,1006.0
2020-07-23,7d,1038.5
2020-07-24,7d,1078.0
2020-07-25,7d,1078.0
2020-07-26,7d,1078.0
2020-07-27,7d,1088.0
2020-01-22,8d,
2020-01-23,8d,
2020-01-24,8d,
2020-01-25,8d,
2020-01-26,8d,
2020-01-27,8d,
2020-01-28,8d,
2020-01-29,8d,0.0
2020-01-30,8d,0.0
2020-01-31,8d,0.0
2020-02-01,8d,0.0
2020-02-02,8d,0.0
2020-02-03,8d,0.0
2020-02-04,8d,0.0
2020-02-05,8d,0.0
2020-02-06,8d,0.0
2020-02-07,8d,0.0
2020-02-08,8d,0.0
2020-02-09,8d,0.0
2020-02-10,8d,0.0
2020-02-11,8d,0.0
2020-02-12,8d,0.0
2020-02-13,8d,0.0
2020-02-14,8d,0.0
2020-02-15,8d,0.0
2020-02-16,8d,0.0
2020-02-17,8d,0.0
2020-02-18,8d,0.0
2020-02-19,8d,0.0
2020-02-20,8d,0.0
2020-02-21,8d,0.0
2020-02-22,8d,0.0
2020-02-23,8d,0.0
2020-02-24,8d,0.0
2020-02-25,8d,0.0
2020-02-26,8d,0.0
2020-02-27,8d,0.0
2020-02-28,8d,0.5
2020-02-29,8d,1.25
2020-03-01,8d,2.0
2020-03-02,8d,2.25
2020-03-03,8d,3.0
2020-03-04,8d,3.0
2020-03-05,8d,3.0
2020-03-06,8d,3.25
2020-03-07,8d,3.25
2020-03-08,8d,4.0
2020-03-09,8d,4.0
2020-03-10,8d,4.0
2020-03-11,8d,4.5
2020-03-12,8d,6.0
2020-03-13,8d,6.0
2020-03-14,8d,6.5
2020-03-15,8d,8.25
2020-03-16,8d,10.5
2020-03-17,8d,16.5
2020-03-18,8d,21.25
2020-03-19,8d,24.25
2020-03-20,8d,34.75
2020-03-21,8d,49.75
2020-03-22,8d,62.75
2020-03-23,8d,75.25
2020-03-24,8d,108.5
2020-03-25,8d,165.0
2020-03-26,8d,231.25
2020-03-27,8d,251.75
2020-03-28,8d,333.5
2020-03-29,8d,429.75
2020-03-30,8d,516.75
2020-03-31,8d,533.5
2020-04-01,8d,648.0
2020-04-02,8d,892.75
2020-04-03,8d,1028.25
2020-04-04,8d,1176.5
2020-04-05,8d,1265.5
2020-04-06,8d,1265.5
2020-04-07,8d,1323.75
2020-04-08,8d,1566.0
2020-04-09,8d,1947.0
2020-04-10,8d,1960.0
2020-04-11,8d,1974.5
2020-04-12,8d,1974.5
2020-04-13,8d,1974.5
2020-04-14,8d,2000.25
2020-04-15,8d,2113.0
2020-04-16,8d,2177.5
2020-04-17,8d,2177.5
2020-04-18,8d,2177.5
2020-04-19,8d,2177.5
2020-04-20,8d,2177.5
2020-04-21,8d,2322.5
2020-04-22,8d,2213.0
2020-04-23,8d,2093.0
2020-04-24,8d,2068.0
2020-04-25,8d,1915.0
2020-04-26,8d,1915.0
2020-04-27,8d,1915.0
2020-04-28,8d,2047.75
2020-04-29,8d,2047.75
2020-04-30,8d,2060.75
2020-05-01,8d,2060.75
2020-05-02,8d,2060.75
2020-05-03,8d,2060.75
2020-05-04,8d,2060.75
2020-05-05,8d,2199.0
2020-05-06,8d,2199.0
2020-05-07,8d,2199.0
2020-05-08,8d,2060.25
2020-05-09,8d,2060.25
2020-05-10,8d,2060.25
2020-05-11,8d,2060.25
2020-05-12,8d,2060.25
2020-05-13,8d,1817.25
2020-05-14,8d,1802.0
2020-05-15,8d,1716.75
2020-05-16,8d,1550.5
2020-05-17,8d,1550.5
2020-05-18,8d,1550.5
2020-05-19,8d,1550.5
2020-05-20,8d,1550.5
2020-05-21,8d,1419.5
2020-05-22,8d,1389.0
2020-05-23,8d,1348.25
2020-05-24,8d,1348.25
2020-05-25,8d,1348.25
2020-05-26,8d,1348.25
2020-05-27,8d,1348.25
2020-05-28,8d,1322.25
2020-05-29,8d,1249.0
2020-05-30,8d,1190.75
2020-05-31,8d,1190.75
2020-06-01,8d,1190.75
2020-06-02,8d,1190.75
2020-06-03,8d,1190.75
2020-06-04,8d,1038.0
2020-06-05,8d,967.0
2020-06-06,8d,936.5
2020-06-07,8d,905.75
2020-06-08,8d,905.75
2020-06-09,8d,913.25
2020-06-10,8d,890.5
2020-06-11,8d,890.5
2020-06-12,8d,888.25
2020-06-13,8d,888.25
2020-06-14,8d,888.25
2020-06-15,8d,888.25
2020-06-16,8d,888.25
2020-06-17,8d,800.25
2020-06-18,8d,768.25
2020-06-19,8d,738.5
2020-06-20,8d,710.25
2020-06-21,8d,710.25
2020-06-22,8d,710.25
2020-06-23,8d,713.25
2020-06-24,8d,712.0
2020-06-25,8d,712.0
2020-06-26,8d,712.0
2020-06-27,8d,712.0
2020-06-28,8d,712.0
2020-06-29,8d,712.0
2020-06-30,8d,712.0
2020-07-01,8d,706.75
2020-07-02,8d,698.0
2020-07-03,8d,651.25
2020-07-04,8d,622.0
2020-07-05,8d,622.0
2020-07-06,8d,622.0
2020-07-07,8d,698.0
2020-07-08,8d,750.0
2020-07-09,8d,874.5
2020-07-10,8d,874.5
2020-07-11,8d,874.5
2020-07-12,8d,874.5
2020-07-13,8d,874.5
2020-07-14,8d,874.5
2020-07-15,8d,860.25
2020-07-16,8d,860.25
2020-07-17,8d,881.25
2020-07-18,8d,891.75
2020-07-19,8d,891.75
2020-07-20,8d,891.75
2020-07-21,8d,956.75
2020-07-22,8d,990.0
2020-07-23,8d,1038.25
2020-07-24,8d,1058.5
2020-07-25,8d,1058.5
2020-07-26,8d,1058.5
2020-07-27,8d,1073.5
2020-01-22,9d,
2020-01-23,9d,
2020-01-24,9d,
2020-01-25,9d,
2020-01-26,9d,
2020-01-27,9d,
2020-01-28,9d,
2020-01-29,9d,
2020-01-30,9d,0.0
2020-01-31,9d,0.0
2020-02-01,9d,0.0
2020-02-02,9d,0.0
2020-02-03,9d,0.0
2020-02-04,9d,0.0
2020-02-05,9d,0.0
2020-02-06,9d,0.0
2020-02-07,9d,0.0
2020-02-08,9d,0.0
2020-02-09,9d,0.0
2020-02-10,9d,0.0
2020-02-11,9d,0.0
2020-02-12,9d,0.0
2020-02-13,9d,0.0
2020-02-14,9d,0.0
2020-02-15,9d,0.0
2020-02-16,9d,0.0
2020-02-17,9d,0.0
2020-02-18,9d,0.0
2020-02-19,9d,0.0
2020-02-20,9d,0.0
2020-02-21,9d,0.0
2020-02-22,9d,0.0
2020-02-23,9d,0.0
2020-02-24,9d,0.0
2020-02-25,9d,0.0
2020-02-26,9d,0.0
2020-02-27,9d,0.0
2020-02-28,9d,0.0
2020-02-29,9d,1.0
2020-03-01,9d,2.0
2020-03-02,9d,2.0
2020-03-03,9d,3.0
2020-03-04,9d,3.0
2020-03-05,9d,3.0
2020-03-06,9d,3.0
2020-03-07,9d,3.0
2020-03-08,9d,4.0
2020-03-09,9d,4.0
2020-03-10,9d,4.0
2020-03-11,9d,4.0
2020-03-12,9d,6.0
2020-03-13,9d,6.0
2020-03-14,9d,6.0
2020-03-15,9d,8.0
2020-03-16,9d,9.0
2020-03-17,9d,15.0
2020-03-18,9d,21.0
2020-03-19,9d,22.0
2020-03-20,9d,31.0
2020-03-21,9d,46.0
2020-03-22,9d,61.0
2020-03-23,9d,68.0
2020-03-24,9d,97.0
2020-03-25,9d,143.0
2020-03-26,9d,231.0
2020-03-27,9d,232.0
2020-03-28,9d,311.0
2020-03-29,9d,401.0
2020-03-30,9d,516.0
2020-03-31,9d,519.0
2020-04-01,9d,577.0
2020-04-02,9d,861.0
2020-04-03,9d,988.0
2020-04-04,9d,1149.0
2020-04-05,9d,1259.0
2020-04-06,9d,1259.0
2020-04-07,9d,1285.0
2020-04-08,9d,1440.0
2020-04-09,9d,1944.0
2020-04-10,9d,1956.0
2020-04-11,9d,1972.0
2020-04-12,9d,1972.0
2020-04-13,9d,1972.0
2020-04-14,9d,1982.0
2020-04-15,9d,2055.0
2020-04-16,9d,2141.0
2020-04-17,9d,2141.0
2020-04-18,9d,2141.0
2020-04-19,9d,2141.0
2020-04-20,9d,2141.0
2020-04-21,9d,2287.0
2020-04-22,9d,2287.0
2020-04-23,9d,2141.0
2020-04-24,9d,2077.0
2020-04-25,9d,2065.0
2020-04-26,9d,1865.0
2020-04-27,9d,1865.0
2020-04-28,9d,2042.0
2020-04-29,9d,2065.0
2020-04-30,9d,2065.0
2020-05-01,9d,2042.0
2020-05-02,9d,2042.0
2020-05-03,9d,2042.0
2020-05-04,9d,2042.0
2020-05-05,9d,2117.0
2020-05-06,9d,2117.0
2020-05-07,9d,2445.0
2020-05-08,9d,2117.0
2020-05-09,9d,1932.0
2020-05-10,9d,1932.0
2020-05-11,9d,1932.0
2020-05-12,9d,1932.0
2020-05-13,9d,1932.0
2020-05-14,9d,1871.0
2020-05-15,9d,1779.0
2020-05-16,9d,1696.0
2020-05-17,9d,1502.0
2020-05-18,9d,1502.0
2020-05-19,9d,1502.0
2020-05-20,9d,1502.0
2020-05-21,9d,1502.0
2020-05-22,9d,1392.0
2020-05-23,9d,1388.0
2020-05-24,9d,1335.0
2020-05-25,9d,1335.0
2020-05-26,9d,1335.0
2020-05-27,9d,1335.0
2020-05-28,9d,1335.0
2020-05-29,9d,1318.0
2020-05-30,9d,1226.0
2020-05-31,9d,1179.0
2020-06-01,9d,1179.0
2020-06-02,9d,1179.0
2020-06-03,9d,1179.0
2020-06-04,9d,1179.0
2020-06-05,9d,991.0
2020-06-06,9d,959.0
2020-06-07,9d,929.0
2020-06-08,9d,888.0
2020-06-09,9d,898.0
2020-06-10,9d,898.0
2020-06-11,9d,898.0
2020-06-12,9d,888.0
2020-06-13,9d,885.0
2020-06-14,9d,885.0
2020-06-15,9d,885.0
2020-06-16,9d,885.0
2020-06-17,9d,885.0
2020-06-18,9d,772.0
2020-06-19,9d,767.0
2020-06-20,9d,729.0
2020-06-21,9d,704.0
2020-06-22,9d,704.0
2020-06-23,9d,708.0
2020-06-24,9d,724.0
2020-06-25,9d,724.0
2020-06-26,9d,708.0
2020-06-27,9d,708.0
2020-06-28,9d,708.0
2020-06-29,9d,708.0
2020-06-30,9d,708.0
2020-07-01,9d,708.0
2020-07-02,9d,701.0
2020-07-03,9d,697.0
2020-07-04,9d,636.0
2020-07-05,9d,597.0
2020-07-06,9d,597.0
2020-07-07,9d,697.0
2020-07-08,9d,701.0
2020-07-09,9d,867.0
2020-07-10,9d,867.0
2020-07-11,9d,867.0
2020-07-12,9d,867.0
2020-07-13,9d,867.0
2020-07-14,9d,867.0
2020-07-15,9d,867.0
2020-07-16,9d,867.0
2020-07-17,9d,867.0
2020-07-18,9d,872.0
2020-07-19,9d,872.0
2020-07-20,9d,872.0
2020-07-21,9d,951.0
2020-07-22,9d,974.0
2020-07-23,9d,1038.0
2020-07-24,9d,1039.0
2020-07-25,9d,1039.0
2020-07-26,9d,1039.0
2020-07-27,9d,1059.0
2020-01-22,10d,
2020-01-23,10d,
2020-01-24,10d,
2020-01-25,10d,
2020-01-26,10d,
2020-01-27,10d,
2020-01-28,10d,
2020-01-29,10d,
2020-01-30,10d,
2020-01-31,10d,0.0
2020-02-01,10d,0.0
2020-02-02,10d,0.0
2020-02-03,10d,0.0
2020-02-04,10d,0.0
2020-02-05,10d,0.0
2020-02-06,10d,0.0
2020-02-07,10d,0.0
2020-02-08,10d,0.0
2020-02-09,10d,0.0
2020-02-10,10d,0.0
2020-02-11,10d,0.0
2020-02-12,10d,0.0
2020-02-13,10d,0.0
2020-02-14,10d,0.0
2020-02-15,10d,0.0
2020-02-16,10d,0.0
2020-02-17,10d,0.0
2020-02-18,10d,0.0
2020-02-19,10d,0.0
2020-02-20,10d,0.0
2020-02-21,10d,0.0
2020-02-22,10d,0.0
2020-02-23,10d,0.0
2020-02-24,10d,0.0
2020-02-25,10d,0.0
2020-02-26,10d,0.0
2020-02-27,10d,0.0
2020-02-28,10d,0.0
2020-02-29,10d,0.75
2020-03-01,10d,1.75
2020-03-02,10d,2.0
2020-03-03,10d,2.75
2020-03-04,10d,2.75
2020-03-05,10d,3.0
2020-03-06,10d,3.0
2020-03-07,10d,3.0
2020-03-08,10d,3.75
2020-03-09,10d,4.0
2020-03-10,10d,4.0
2020-03-11,10d,4.0
2020-03-12,10d,5.5
2020-03-13,10d,5.5
2020-03-14,10d,6.0
2020-03-15,10d,7.5
2020-03-16,10d,8.75
2020-03-17,10d,13.5
2020-03-18,10d,19.5
2020-03-19,10d,21.75
2020-03-20,10d,28.75
2020-03-21,10d,42.25
2020-03-22,10d,57.25
2020-03-23,10d,66.25
2020-03-24,10d,89.75
2020-03-25,10d,131.5
2020-03-26,10d,209.0
2020-03-27,10d,231.75
2020-03-28,10d,291.25
2020-03-29,10d,378.5
2020-03-30,10d,487.25
2020-03-31,10d,518.25
2020-04-01,10d,562.5
2020-04-02,10d,790.0
2020-04-03,10d,956.25
2020-04-04,10d,1108.75
2020-04-05,10d,1231.5
2020-04-06,10d,1257.75
2020-04-07,10d,1278.5
2020-04-08,10d,1401.25
2020-04-09,10d,1818.0
2020-04-10,10d,1953.0
2020-04-11,10d,1968.0
2020-04-12,10d,1968.0
2020-04-13,10d,1968.0
2020-04-14,10d,1979.5
2020-04-15,10d,2036.75
2020-04-16,10d,2119.5
2020-04-17,10d,2125.0
2020-04-18,10d,2125.0
2020-04-19,10d,2125.0
2020-04-20,10d,2125.0
2020-04-21,10d,2250.5
2020-04-22,10d,2250.5
2020-04-23,10d,2250.5
2020-04-24,10d,2125.0
2020-04-25,10d,2074.0
2020-04-26,10d,2015.0
2020-04-27,10d,1858.0
2020-04-28,10d,1997.75
2020-04-29,10d,2059.25
2020-04-30,10d,2104.0
2020-05-01,10d,2059.25
2020-05-02,10d,1997.75
2020-05-03,10d,1997.75
2020-05-04,10d,1969.75
2020-05-05,10d,2098.25
2020-05-06,10d,2098.25
2020-05-07,10d,2363.0
2020-05-08,10d,2363.0
2020-05-09,10d,2070.75
2020-05-10,10d,1893.75
2020-05-11,10d,1893.75
2020-05-12,10d,1893.75
2020-05-13,10d,1893.75
2020-05-14,10d,1916.75
2020-05-15,10d,1848.0
2020-05-16,10d,1758.25
2020-05-17,10d,1647.5
2020-05-18,10d,1494.5
2020-05-19,10d,1494.5
2020-05-20,10d,1494.5
2020-05-21,10d,1494.5
2020-05-22,10d,1474.5
2020-05-23,10d,1391.0
2020-05-24,10d,1374.75
2020-05-25,10d,1332.5
2020-05-26,10d,1332.5
2020-05-27,10d,1332.5
2020-05-28,10d,1332.5
2020-05-29,10d,1330.75
2020-05-30,10d,1295.0
2020-05-31,10d,1214.25
2020-06-01,10d,1149.25
2020-06-02,10d,1124.0
2020-06-03,10d,1132.0
2020-06-04,10d,1132.0
2020-06-05,10d,1132.0
2020-06-06,10d,983.0
2020-06-07,10d,951.5
2020-06-08,10d,918.75
2020-06-09,10d,895.5
2020-06-10,10d,895.5
2020-06-11,10d,898.0
2020-06-12,10d,895.5
2020-06-13,10d,887.25
2020-06-14,10d,869.5
2020-06-15,10d,856.75
2020-06-16,10d,856.75
2020-06-17,10d,856.75
2020-06-18,10d,856.75
2020-06-19,10d,770.75
2020-06-20,10d,757.5
2020-06-21,10d,722.75
2020-06-22,10d,700.75
2020-06-23,10d,707.0
2020-06-24,10d,720.0
2020-06-25,10d,727.75
2020-06-26,10d,720.0
2020-06-27,10d,707.0
2020-06-28,10d,694.75
2020-06-29,10d,690.0
2020-06-30,10d,690.0
2020-07-01,10d,706.25
2020-07-02,10d,706.25
2020-07-03,10d,700.0
2020-07-04,10d,681.75
2020-07-05,10d,626.25
2020-07-06,10d,596.75
2020-07-07,10d,672.0
2020-07-08,10d,700.0
2020-07-09,10d,825.5
2020-07-10,10d,863.75
2020-07-11,10d,863.75
2020-07-12,10d,863.75
2020-07-13,10d,863.75
2020-07-14,10d,863.75
2020-07-15,10d,864.75
2020-07-16,10d,889.5
2020-07-17,10d,889.5
2020-07-18,10d,870.75
2020-07-19,10d,868.5
2020-07-20,10d,868.5
2020-07-21,10d,931.25
2020-07-22,10d,968.25
2020-07-23,10d,1022.0
2020-07-24,10d,1038.75
2020-07-25,10d,1038.75
2020-07-26,10d,1038.75
2020-07-27,10d,1054.0
2020-01-22,11d,
2020-01-23,11d,
2020-01-24,11d,
2020-01-25,11d,
2020-01-26,11d,
2020-01-27,11d,
2020-01-28,11d,
2020-01-29,11d,
2020-01-30,11d,
2020-01-31,11d,
2020-02-01,11d,0.0
2020-02-02,11d,0.0
2020-02-03,11d,0.0
2020-02-04,11d,0.0
2020-02-05,11d,0.0
2020-02-06,11d,0.0
2020-02-07,11d,0.0
2020-02-08,11d,0.0
2020-02-09,11d,0.0
2020-02-10,11d,0.0
2020-02-11,11d,0.0
2020-02-12,11d,0.0
2020-02-13,11d,0.0
2020-02-14,11d,0.0
2020-02-15,11d,0.0
2020-02-16,11d,0.0
2020-02-17,11d,0.0
2020-02-18,11d,0.0
2020-02-19,11d,0.0
2020-02-20,11d,0.0
2020-02-21,11d,0.0
2020-02-22,11d,0.0
2020-02-23,11d,0.0
2020-02-24,11d,0.0
2020-02-25,11d,0.0
2020-02-26,11d,0.0
2020-02-27,11d,0.0
2020-02-28,11d,0.0
2020-02-29,11d,0.5
2020-03-01,11d,1.5
2020-03-02,11d,2.0
2020-03-03,11d,2.5
2020-03-04,11d,2.5
2020-03-05,11d,3.0
2020-03-06,11d,3.0
2020-03-07,11d,3.0
2020-03-08,11d,3.5
2020-03-09,11d,4.0
2020-03-10,11d,4.0
2020-03-11,11d,4.0
2020-03-12,11d,5.0
2020-03-13,11d,5.0
2020-03-14,11d,6.0
2020-03-15,11d,7.0
2020-03-16,11d,8.5
2020-03-17,11d,12.0
2020-03-18,11d,18.0
2020-03-19,11d,21.5
2020-03-20,11d,26.5
2020-03-21,11d,38.5
2020-03-22,11d,53.5
2020-03-23,11d,64.5
2020-03-24,11d,82.5
2020-03-25,11d,120.0
2020-03-26,11d,187.0
2020-03-27,11d,231.5
2020-03-28,11d,271.5
2020-03-29,11d,356.0
2020-03-30,11d,458.5
2020-03-31,11d,517.5
2020-04-01,11d,548.0
2020-04-02,11d,719.0
2020-04-03,11d,924.5
2020-04-04,11d,1068.5
2020-04-05,11d,1204.0
2020-04-06,11d,1256.5
2020-04-07,11d,1272.0
2020-04-08,11d,1362.5
2020-04-09,11d,1692.0
2020-04-10,11d,1950.0
2020-04-11,11d,1964.0
2020-04-12,11d,1964.0
2020-04-13,11d,1964.0
2020-04-14,11d,1977.0
2020-04-15,11d,2018.5
2020-04-16,11d,2098.0
2020-04-17,11d,2109.0
2020-04-18,11d,2109.0
2020-04-19,11d,2109.0
2020-04-20,11d,2109.0
2020-04-21,11d,2214.0
2020-04-22,11d,2214.0
2020-04-23,11d,2214.0
2020-04-24,11d,2214.0
2020-04-25,11d,2109.0
2020-04-26,11d,2071.0
2020-04-27,11d,1965.0
2020-04-28,11d,1953.5
2020-04-29,11d,2053.5
2020-04-30,11d,2091.0
2020-05-01,11d,2091.0
2020-05-02,11d,2053.5
2020-05-03,11d,1953.5
2020-05-04,11d,1953.5
2020-05-05,11d,2079.5
2020-05-06,11d,2079.5
2020-05-07,11d,2281.0
2020-05-08,11d,2281.0
2020-05-09,11d,2281.0
2020-05-10,11d,2024.5
2020-05-11,11d,1855.5
2020-05-12,11d,1855.5
2020-05-13,11d,1855.5
2020-05-14,11d,1901.5
2020-05-15,11d,1901.5
2020-05-16,11d,1825.0
2020-05-17,11d,1737.5
2020-05-18,11d,1599.0
2020-05-19,11d,1487.0
2020-05-20,11d,1487.0
2020-05-21,11d,1487.0
2020-05-22,11d,1487.0
2020-05-23,11d,1447.0
2020-05-24,11d,1390.0
2020-05-25,11d,1361.5
2020-05-26,11d,1330.0
2020-05-27,11d,1330.0
2020-05-28,11d,1330.0
2020-05-29,11d,1330.0
2020-05-30,11d,1326.5
2020-05-31,11d,1272.0
2020-06-01,11d,1202.5
2020-06-02,11d,1119.5
2020-06-03,11d,1085.0
2020-06-04,11d,1085.0
2020-06-05,11d,1085.0
2020-06-06,11d,1085.0
2020-06-07,11d,975.0
2020-06-08,11d,944.0
2020-06-09,11d,913.5
2020-06-10,11d,893.0
2020-06-11,11d,898.0
2020-06-12,11d,898.0
2020-06-13,11d,893.0
2020-06-14,11d,886.5
2020-06-15,11d,854.0
2020-06-16,11d,828.5
2020-06-17,11d,828.5
2020-06-18,11d,828.5
2020-06-19,11d,828.5
2020-06-20,11d,769.5
2020-06-21,11d,748.0
2020-06-22,11d,716.5
2020-06-23,11d,706.0
2020-06-24,11d,716.0
2020-06-25,11d,726.5
2020-06-26,11d,726.5
2020-06-27,11d,716.0
2020-06-28,11d,706.0
2020-06-29,11d,681.5
2020-06-30,11d,672.0
2020-07-01,11d,704.5
2020-07-02,11d,704.5
2020-07-03,11d,704.5
2020-07-04,11d,699.0
2020-07-05,11d,666.5
2020-07-06,11d,616.5
2020-07-07,11d,647.0
2020-07-08,11d,699.0
2020-07-09,11d,784.0
2020-07-10,11d,860.5
2020-07-11,11d,860.5
2020-07-12,11d,860.5
2020-07-13,11d,860.5
2020-07-14,11d,860.5
2020-07-15,11d,862.5
2020-07-16,11d,882.0
2020-07-17,11d,909.5
2020-07-18,11d,884.5
2020-07-19,11d,869.5
2020-07-20,11d,865.0
2020-07-21,11d,911.5
2020-07-22,11d,962.5
2020-07-23,11d,1006.0
2020-07-24,11d,1038.5
2020-07-25,11d,1038.5
2020-07-26,11d,1038.5
2020-07-27,11d,1049.0
2020-01-22,12d,
2020-01-23,12d,
2020-01-24,12d,
2020-01-25,12d,
2020-01-26,12d,
2020-01-27,12d,
2020-01-28,12d,
2020-01-29,12d,
2020-01-30,12d,
2020-01-31,12d,
2020-02-01,12d,
2020-02-02,12d,0.0
2020-02-03,12d,0.0
2020-02-04,12d,0.0
2020-02-05,12d,0.0
2020-02-06,12d,0.0
2020-02-07,12d,0.0
2020-02-08,12d,0.0
2020-02-09,12d,0.0
2020-02-10,12d,0.0
2020-02-11,12d,0.0
2020-02-12,12d,0.0
2020-02-13,12d,0.0
2020-02-14,12d,0.0
2020-02-15,12d,0.0
2020-02-16,12d,0.0
2020-02-17,12d,0.0
2020-02-18,12d,0.0
2020-02-19,12d,0.0
2020-02-20,12d,0.0
2020-02-21,12d,0.0
2020-02-22,12d,0.0
2020-02-23,12d,0.0
2020-02-24,12d,0.0
2020-02-25,12d,0.0
2020-02-26,12d,0.0
2020-02-27,12d,0.0
2020-02-28,12d,0.0
2020-02-29,12d,0.25
2020-03-01,12d,1.25
2020-03-02,12d,2.0
2020-03-03,12d,2.25
2020-03-04,12d,2.25
2020-03-05,12d,3.0
2020-03-06,12d,3.0
2020-03-07,12d,3.0
2020-03-08,12d,3.25
2020-03-09,12d,4.0
2020-03-10,12d,4.0
2020-03-11,12d,4.0
2020-03-12,12d,4.5
2020-03-13,12d,4.5
2020-03-14,12d,6.0
2020-03-15,12d,6.5
2020-03-16,12d,8.25
2020-03-17,12d,10.5
2020-03-18,12d,16.5
2020-03-19,12d,21.25
2020-03-20,12d,24.25
2020-03-21,12d,34.75
2020-03-22,12d,49.75
2020-03-23,12d,62.75
2020-03-24,12d,75.25
2020-03-25,12d,108.5
2020-03-26,12d,165.0
2020-03-27,12d,231.25
2020-03-28,12d,251.75
2020-03-29,12d,333.5
2020-03-30,12d,429.75
2020-03-31,12d,516.75
2020-04-01,12d,533.5
2020-04-02,12d,648.0
2020-04-03,12d,892.75
2020-04-04,12d,1028.25
2020-04-05,12d,1176.5
2020-04-06,12d,1255.25
2020-04-07,12d,1265.5
2020-04-08,12d,1323.75
2020-04-09,12d,1566.0
2020-04-10,12d,1947.0
2020-04-11,12d,1960.0
2020-04-12,12d,1960.0
2020-04-13,12d,1960.0
2020-04-14,12d,1974.5
2020-04-15,12d,2000.25
2020-04-16,12d,2076.5
2020-04-17,12d,2093.0
2020-04-18,12d,2093.0
2020-04-19,12d,2093.0
2020-04-20,12d,2093.0
2020-04-21,12d,2177.5
2020-04-22,12d,2177.5
2020-04-23,12d,2177.5
2020-04-24,12d,2177.5
2020-04-25,12d,2177.5
2020-04-26,12d,2093.0
2020-04-27,12d,2068.0
2020-04-28,12d,2047.75
2020-04-29,12d,2047.75
2020-04-30,12d,2078.0
2020-05-01,12d,2078.0
2020-05-02,12d,2078.0
2020-05-03,12d,2047.75
2020-05-04,12d,1909.25
2020-05-05,12d,2060.75
2020-05-06,12d,2060.75
2020-05-07,12d,2199.0
2020-05-08,12d,2199.0
2020-05-09,12d,2199.0
2020-05-10,12d,2199.0
2020-05-11,12d,1978.25
2020-05-12,12d,1817.25
2020-05-13,12d,1817.25
2020-05-14,12d,1886.25
2020-05-15,12d,1886.25
2020-05-16,12d,1886.25
2020-05-17,12d,1802.0
2020-05-18,12d,1716.75
2020-05-19,12d,1550.5
2020-05-20,12d,1479.5
2020-05-21,12d,1479.5
2020-05-22,12d,1479.5
2020-05-23,12d,1479.5
2020-05-24,12d,1419.5
2020-05-25,12d,1389.0
2020-05-26,12d,1348.25
2020-05-27,12d,1327.5
2020-05-28,12d,1327.5
2020-05-29,12d,1327.5
2020-05-30,12d,1327.5
2020-05-31,12d,1322.25
2020-06-01,12d,1249.0
2020-06-02,12d,1190.75
2020-06-03,12d,1089.75
2020-06-04,12d,1038.0
2020-06-05,12d,1038.0
2020-06-06,12d,1038.0
2020-06-07,12d,1038.0
2020-06-08,12d,967.0
2020-06-09,12d,936.5
2020-06-10,12d,905.75
2020-06-11,12d,898.0
2020-06-12,12d,898.0
2020-06-13,12d,898.0
2020-06-14,12d,890.5
2020-06-15,12d,885.75
2020-06-16,12d,838.5
2020-06-17,12d,800.25
2020-06-18,12d,800.25
2020-06-19,12d,800.25
2020-06-20,12d,800.25
2020-06-21,12d,768.25
2020-06-22,12d,738.5
2020-06-23,12d,713.25
2020-06-24,12d,712.0
2020-06-25,12d,725.25
2020-06-26,12d,725.25
2020-06-27,12d,725.25
2020-06-28,12d,712.0
2020-06-29,12d,705.0
2020-06-30,12d,668.25
2020-07-01,12d,702.75
2020-07-02,12d,702.75
2020-07-03,12d,702.75
2020-07-04,12d,702.75
2020-07-05,12d,698.0
2020-07-06,12d,651.25
2020-07-07,12d,651.25
2020-07-08,12d,698.0
2020-07-09,12d,742.5
2020-07-10,12d,857.25
2020-07-11,12d,857.25
2020-07-12,12d,857.25
2020-07-13,12d,857.25
2020-07-14,12d,857.25
2020-07-15,12d,860.25
2020-07-16,12d,874.5
2020-07-17,12d,903.25
2020-07-18,12d,903.25
2020-07-19,12d,878.25
2020-07-20,12d,868.25
2020-07-21,12d,891.75
2020-07-22,12d,956.75
2020-07-23,12d,990.0
2020-07-24,12d,1038.25
2020-07-25,12d,1038.25
2020-07-26,12d,1038.25
2020-07-27,12d,1044.0
2020-01-22,13d,
2020-01-23,13d,
2020-01-24,13d,
2020-01-25,13d,
2020-01-26,13d,
2020-01-27,13d,
2020-01-28,13d,
2020-01-29,13d,
2020-01-30,13d,
2020-01-31,13d,
2020-02-01,13d,
2020-02-02,13d,
2020-02-03,13d,0.0
2020-02-04,13d,0.0
2020-02-05,13d,0.0
2020-02-06,13d,0.0
2020-02-07,13d,0.0
2020-02-08,13d,0.0
2020-02-09,13d,0.0
2020-02-10,13d,0.0
2020-02-11,13d,0.0
2020-02-12,13d,0.0
2020-02-13,13d,0.0
2020-02-14,13d,0.0
2020-02-15,13d,0.0
2020-02-16,13d,0.0
2020-02-17,13d,0.0
2020-02-18,13d,0.0
2020-02-19,13d,0.0
2020-02-20,13d,0.0
2020-02-21,13d,0.0
2020-02-22,13d,0.0
2020-02-23,13d,0.0
2020-02-24,13d,0.0
2020-02-25,13d,0.0
2020-02-26,13d,0.0
2020-02-27,13d,0.0
2020-02-28,13d,0.0
2020-02-29,13d,0.0
2020-03-01,13d,1.0
2020-03-02,13d,2.0
2020-03-03,13d,2.0
2020-03-04,13d,2.0
2020-03-05,13d,3.0
2020-03-06,13d,3.0
2020-03-07,13d,3.0
2020-03-08,13d,3.0
2020-03-09,13d,4.0
2020-03-10,13d,4.0
2020-03-11,13d,4.0
2020-03-12,13d,4.0
2020-03-13,13d,4.0
2020-03-14,13d,6.0
2020-03-15,13d,6.0
2020-03-16,13d,8.0
2020-03-17,13d,9.0
2020-03-18,13d,15.0
2020-03-19,13d,21.0
2020-03-20,13d,22.0
2020-03-21,13d,31.0
2020-03-22,13d,46.0
2020-03-23,13d,61.0
2020-03-24,13d,68.0
2020-03-25,13d,97.0
2020-03-26,13d,143.0
2020-03-27,13d,231.0
2020-03-28,13d,232.0
2020-03-29,13d,311.0
2020-03-30,13d,401.0
2020-03-31,13d,516.0
2020-04-01,13d,519.0
2020-04-02,13d,577.0
2020-04-03,13d,861.0
2020-04-04,13d,988.0
2020-04-05,13d,1149.0
2020-04-06,13d,1254.0
2020-04-07,13d,1259.0
2020-04-08,13d,1285.0
2020-04-09,13d,1440.0
2020-04-10,13d,1944.0
2020-04-11,13d,1956.0
2020-04-12,13d,1956.0
2020-04-13,13d,1956.0
2020-04-14,13d,1972.0
2020-04-15,13d,1982.0
2020-04-16,13d,2055.0
2020-04-17,13d,2077.0
2020-04-18,13d,2077.0
2020-04-19,13d,2077.0
2020-04-20,13d,2077.0
2020-04-21,13d,2141.0
2020-04-22,13d,2141.0
2020-04-23,13d,2141.0
2020-04-24,13d,2141.0
2020-04-25,13d,2141.0
2020-04-26,13d,2141.0
2020-04-27,13d,2077.0
2020-04-28,13d,2065.0
2020-04-29,13d,2065.0
2020-04-30,13d,2065.0
2020-05-01,13d,2065.0
2020-05-02,13d,2065.0
2020-05-03,13d,2065.0
2020-05-04,13d,2042.0
2020-05-05,13d,2042.0
2020-05-06,13d,2042.0
2020-05-07,13d,2117.0
2020-05-08,13d,2117.0
2020-05-09,13d,2117.0
2020-05-10,13d,2117.0
2020-05-11,13d,2117.0
2020-05-12,13d,1932.0
2020-05-13,13d,1779.0
2020-05-14,13d,1871.0
2020-05-15,13d,1871.0
2020-05-16,13d,1871.0
2020-05-17,13d,1871.0
2020-05-18,13d,1779.0
2020-05-19,13d,1696.0
2020-05-20,13d,1502.0
2020-05-21,13d,1472.0
2020-05-22,13d,1472.0
2020-05-23,13d,1472.0
2020-05-24,13d,1472.0
2020-05-25,13d,1392.0
2020-05-26,13d,1388.0
2020-05-27,13d,1335.0
2020-05-28,13d,1325.0
2020-05-29,13d,1325.0
2020-05-30,13d,1325.0
2020-05-31,13d,1325.0
2020-06-01,13d,1318.0
2020-06-02,13d,1226.0
2020-06-03,13d,1179.0
2020-06-04,13d,1060.0
2020-06-05,13d,991.0
2020-06-06,13d,991.0
2020-06-07,13d,991.0
2020-06-08,13d,991.0
2020-06-09,13d,959.0
2020-06-10,13d,929.0
2020-06-11,13d,898.0
2020-06-12,13d,898.0
2020-06-13,13d,898.0
2020-06-14,13d,898.0
2020-06-15,13d,888.0
2020-06-16,13d,885.0
2020-06-17,13d,823.0
2020-06-18,13d,772.0
2020-06-19,13d,772.0
2020-06-20,13d,772.0
2020-06-21,13d,772.0
2020-06-22,13d,767.0
2020-06-23,13d,729.0
2020-06-24,13d,724.0
2020-06-25,13d,724.0
2020-06-26,13d,724.0
2020-06-27,13d,724.0
2020-06-28,13d,724.0
2020-06-29,13d,708.0
2020-06-30,13d,704.0
2020-07-01,13d,701.0
2020-07-02,13d,701.0
2020-07-03,13d,701.0
2020-07-04,13d,701.0
2020-07-05,13d,701.0
2020-07-06,13d,697.0
2020-07-07,13d,697.0
2020-07-08,13d,697.0
2020-07-09,13d,701.0
2020-07-10,13d,854.0
2020-07-11,13d,854.0
2020-07-12,13d,854.0
2020-07-13,13d,854.0
2020-07-14,13d,854.0
2020-07-15,13d,858.0
2020-07-16,13d,867.0
2020-07-17,13d,897.0
2020-07-18,13d,897.0
2020-07-19,13d,897.0
2020-07-20,13d,872.0
2020-07-21,13d,872.0
2020-07-22,13d,951.0
2020-07-23,13d,974.0
2020-07-24,13d,1038.0
2020-07-25,13d,1038.0
2020-07-26,13d,1038.0
2020-07-27,13d,1039.0
2020-01-22,14d,
2020-01-23,14d,
2020-01-24,14d,
2020-01-25,14d,
2020-01-26,14d,
2020-01-27,14d,
2020-01-28,14d,
2020-01-29,14d,
2020-01-30,14d,
2020-01-31,14d,
2020-02-01,14d,
2020-02-02,14d,
2020-02-03,14d,
2020-02-04,14d,0.0
2020-02-05,14d,0.0
2020-02-06,14d,0.0
2020-02-07,14d,0.0
2020-02-08,14d,0.0
2020-02-09,14d,0.0
2020-02-10,14d,0.0
2020-02-11,14d,0.0
2020-02-12,14d,0.0
2020-02-13,14d,0.0
2020-02-14,14d,0.0
2020-02-15,14d,0.0
2020-02-16,14d,0.0
2020-02-17,14d,0.0
2020-02-18,14d,0.0
2020-02-19,14d,0.0
2020-02-20,14d,0.0
2020-02-21,14d,0.0
2020-02-22,14d,0.0
2020-02-23,14d,0.0
2020-02-24,14d,0.0
2020-02-25,14d,0.0
2020-02-26,14d,0.0
2020-02-27,14d,0.0
2020-02-28,14d,0.0
2020-02-29,14d,0.0
2020-03-01,14d,0.75
2020-03-02,14d,1.75
2020-03-03,14d,2.0
2020-03-04,14d,2.0
2020-03-05,14d,2.75
2020-03-06,14d,3.0
2020-03-07,14d,3.0
2020-03-08,14d,3.0
2020-03-09,14d,3.75
2020-03-10,14d,3.75
2020-03-11,14d,4.0
2020-03-12,14d,4.0
2020-03-13,14d,4.0
2020-03-14,14d,5.5
2020-03-15,14d,6.0
2020-03-16,14d,7.5
2020-03-17,14d,8.75
2020-03-18,14d,13.5
2020-03-19,14d,19.5
2020-03-20,14d,21.75
2020-03-21,14d,28.75
2020-03-22,14d,42.25
2020-03-23,14d,57.25
2020-03-24,14d,66.25
2020-03-25,14d,89.75
2020-03-26,14d,131.5
2020-03-27,14d,209.0
2020-03-28,14d,231.75
2020-03-29,14d,291.25
2020-03-30,14d,378.5
2020-03-31,14d,487.25
2020-04-01,14d,518.25
2020-04-02,14d,562.5
2020-04-03,14d,790.0
2020-04-04,14d,956.25
2020-04-05,14d,1108.75
2020-04-06,14d,1227.75
2020-04-07,14d,1257.75
2020-04-08,14d,1278.5
2020-04-09,14d,1401.25
2020-04-10,14d,1818.0
2020-04-11,14d,1953.0
2020-04-12,14d,1953.0
2020-04-13,14d,1953.0
2020-04-14,14d,1968.0
2020-04-15,14d,1979.5
2020-04-16,14d,2036.75
2020-04-17,14d,2071.5
2020-04-18,14d,2071.5
2020-04-19,14d,2071.5
2020-04-20,14d,2071.5
2020-04-21,14d,2125.0
2020-04-22,14d,2125.0
2020-04-23,14d,2125.0
2020-04-24,14d,2125.0
2020-04-25,14d,2125.0
2020-04-26,14d,2125.0
2020-04-27,14d,2125.0
2020-04-28,14d,2074.0
2020-04-29,14d,2074.0
2020-04-30,14d,2074.0
2020-05-01,14d,2059.25
2020-05-02,14d,2059.25
2020-05-03,14d,2059.25
2020-05-04,14d,2059.25
2020-05-05,14d,2059.25
2020-05-06,14d,2014.5
2020-05-07,14d,2098.25
2020-05-08,14d,2098.25
2020-05-09,14d,2098.25
2020-05-10,14d,2098.25
2020-05-11,14d,2098.25
2020-05-12,14d,2070.75
2020-05-13,14d,1893.75
2020-05-14,14d,1848.0
2020-05-15,14d,1848.0
2020-05-16,14d,1848.0
2020-05-17,14d,1848.0
2020-05-18,14d,1848.0
2020-05-19,14d,1758.25
2020-05-20,14d,1647.5
2020-05-21,14d,1494.5
2020-05-22,14d,1462.0
2020-05-23,14d,1452.0
2020-05-24,14d,1452.0
2020-05-25,14d,1452.0
2020-05-26,14d,1391.0
2020-05-27,14d,1374.75
2020-05-28,14d,1332.5
2020-05-29,14d,1323.25
2020-05-30,14d,1323.25
2020-05-31,14d,1323.25
2020-06-01,14d,1323.25
2020-06-02,14d,1295.0
2020-06-03,14d,1214.25
2020-06-04,14d,1149.25
2020-06-05,14d,1042.75
2020-06-06,14d,983.0
2020-06-07,14d,983.0
2020-06-08,14d,983.0
2020-06-09,14d,983.0
2020-06-10,14d,951.5
2020-06-11,14d,921.25
2020-06-12,14d,898.0
2020-06-13,14d,895.5
2020-06-14,14d,895.5
2020-06-15,14d,895.5
2020-06-16,14d,887.25
2020-06-17,14d,869.5
2020-06-18,14d,810.25
2020-06-19,14d,770.75
2020-06-20,14d,770.75
2020-06-21,14d,770.75
2020-06-22,14d,770.75
2020-06-23,14d,757.5
2020-06-24,14d,727.75
2020-06-25,14d,727.75
2020-06-26,14d,720.0
2020-06-27,14d,720.0
2020-06-28,14d,720.0
2020-06-29,14d,720.0
2020-06-30,14d,707.0
2020-07-01,14d,703.25
2020-07-02,14d,700.0
2020-07-03,14d,700.0
2020-07-04,14d,700.0
2020-07-05,14d,700.0
2020-07-06,14d,700.0
2020-07-07,14d,700.0
2020-07-08,14d,700.0
2020-07-09,14d,700.0
2020-07-10,14d,815.75
2020-07-11,14d,829.75
2020-07-12,14d,829.75
2020-07-13,14d,829.75
2020-07-14,14d,829.75
2020-07-15,14d,857.0
2020-07-16,14d,864.75
2020-07-17,14d,889.5
2020-07-18,14d,890.75
2020-07-19,14d,890.75
2020-07-20,14d,890.75
2020-07-21,14d,890.75
2020-07-22,14d,931.25
2020-07-23,14d,968.25
2020-07-24,14d,1022.0
2020-07-25,14d,1037.75
2020-07-26,14d,1037.75
2020-07-27,14d,1038.75
2020-01-22,15d,
2020-01-23,15d,
2020-01-24,15d,
2020-01-25,15d,
2020-01-26,15d,
2020-01-27,15d,
2020-01-28,15d,
2020-01-29,15d,
2020-01-30,15d,
2020-01-31,15d,
2020-02-01,15d,
2020-02-02,15d,
2020-02-03,15d,
2020-02-04,15d,
2020-02-05,15d,0.0
2020-02-06,15d,0.0
2020-02-07,15d,0.0
2020-02-08,15d,0.0
2020-02-09,15d,0.0
2020-02-10,15d,0.0
2020-02-11,15d,0.0
2020-02-12,15d,0.0
2020-02-13,15d,0.0
2020-02-14,15d,0.0
2020-02-15,15d,0.0
2020-02-16,15d,0.0
2020-02-17,15d,0.0
2020-02-18,15d,0.0
2020-02-19,15d,0.0
2020-02-20,15d,0.0
2020-02-21,15d,0.0
2020-02-22,15d,0.0
2020-02-23,15d,0.0
2020-02-24,15d,0.0
2020-02-25,15d,0.0
2020-02-26,15d,0.0
2020-02-27,15d,0.0
2020-02-28,15d,0.0
2020-02-29,15d,0.0
2020-03-01,15d,0.5
2020-03-02,15d,1.5
2020-03-03,15d,2.0
2020-03-04,15d,2.0
2020-03-05,15d,2.5
2020-03-06,15d,3.0
2020-03-07,15d,3.0
2020-03-08,15d,3.0
2020-03-09,15d,3.5
2020-03-10,15d,3.5
2020-03-11,15d,4.0
2020-03-12,15d,4.0
2020-03-13,15d,4.0
2020-03-14,15d,5.0
2020-03-15,15d,6.0
2020-03-16,15d,7.0
2020-03-17,15d,8.5
2020-03-18,15d,12.0
2020-03-19,15d,18.0
2020-03-20,15d,21.5
2020-03-21,15d,26.5
2020-03-22,15d,38.5
2020-03-23,15d,53.5
2020-03-24,15d,64.5
2020-03-25,15d,82.5
2020-03-26,15d,120.0
2020-03-27,15d,187.0
2020-03-28,15d,231.5
2020-03-29,15d,271.5
2020-03-30,15d,356.0
2020-03-31,15d,458.5
2020-04-01,15d,517.5
2020-04-02,15d,548.0
2020-04-03,15d,719.0
2020-04-04,15d,924.5
2020-04-05,15d,1068.5
2020-04-06,15d,1201.5
2020-04-07,15d,1256.5
2020-04-08,15d,1272.0
2020-04-09,15d,1362.5
2020-04-10,15d,1692.0
2020-04-11,15d,1950.0
2020-04-12,15d,1950.0
2020-04-13,15d,1950.0
2020-04-14,15d,1964.0
2020-04-15,15d,1977.0
2020-04-16,15d,2018.5
2020-04-17,15d,2066.0
2020-04-18,15d,2066.0
2020-04-19,15d,2066.0
2020-04-20,15d,2066.0
2020-04-21,15d,2109.0
2020-04-22,15d,2109.0
2020-04-23,15d,2109.0
2020-04-24,15d,2109.0
2020-04-25,15d,2109.0
2020-04-26,15d,2109.0
2020-04-27,15d,2109.0
2020-04-28,15d,2109.0
2020-04-29,15d,2109.0
2020-04-30,15d,2097.0
2020-05-01,15d,2071.0
2020-05-02,15d,2053.5
2020-05-03,15d,2053.5
2020-05-04,15d,2053.5
2020-05-05,15d,2091.0
2020-05-06,15d,2053.5
2020-05-07,15d,2079.5
2020-05-08,15d,2079.5
2020-05-09,15d,2079.5
2020-05-10,15d,2079.5
2020-05-11,15d,2079.5
2020-05-12,15d,2079.5
2020-05-13,15d,2024.5
2020-05-14,15d,1901.5
2020-05-15,15d,1825.0
2020-05-16,15d,1825.0
2020-05-17,15d,1825.0
2020-05-18,15d,1825.0
2020-05-19,15d,1825.0
2020-05-20,15d,1737.5
2020-05-21,15d,1599.0
2020-05-22,15d,1487.0
2020-05-23,15d,1452.0
2020-05-24,15d,1432.0
2020-05-25,15d,1432.0
2020-05-26,15d,1432.0
2020-05-27,15d,1390.0
2020-05-28,15d,1361.5
2020-05-29,15d,1330.0
2020-05-30,15d,1321.5
2020-05-31,15d,1321.5
2020-06-01,15d,1321.5
2020-06-02,15d,1321.5
2020-06-03,15d,1272.0
2020-06-04,15d,1202.5
2020-06-05,15d,1119.5
2020-06-06,15d,1025.5
2020-06-07,15d,975.0
2020-06-08,15d,975.0
2020-06-09,15d,975.0
2020-06-10,15d,975.0
2020-06-11,15d,944.0
2020-06-12,15d,913.5
2020-06-13,15d,898.0
2020-06-14,15d,893.0
2020-06-15,15d,893.0
2020-06-16,15d,893.0
2020-06-17,15d,886.5
2020-06-18,15d,854.0
2020-06-19,15d,797.5
2020-06-20,15d,769.5
2020-06-21,15d,769.5
2020-06-22,15d,769.5
2020-06-23,15d,769.5
2020-06-24,15d,748.0
2020-06-25,15d,748.0
2020-06-26,15d,726.5
2020-06-27,15d,716.0
2020-06-28,15d,716.0
2020-06-29,15d,716.0
2020-06-30,15d,716.0
2020-07-01,15d,706.0
2020-07-02,15d,702.5
2020-07-03,15d,699.0
2020-07-04,15d,699.0
2020-07-05,15d,699.0
2020-07-06,15d,699.0
2020-07-07,15d,704.5
2020-07-08,15d,712.5
2020-07-09,15d,784.0
2020-07-10,15d,777.5
2020-07-11,15d,805.5
2020-07-12,15d,805.5
2020-07-13,15d,805.5
2020-07-14,15d,805.5
2020-07-15,15d,856.0
2020-07-16,15d,862.5
2020-07-17,15d,882.0
2020-07-18,15d,884.5
2020-07-19,15d,884.5
2020-07-20,15d,884.5
2020-07-21,15d,909.5
2020-07-22,15d,924.0
2020-07-23,15d,962.5
2020-07-24,15d,1006.0
2020-07-25,15d,1037.5
2020-07-26,15d,1037.5
2020-07-27,15d,1038.5
2020-01-22,16d,
2020-01-23,16d,
2020-01-24,16d,
2020-01-25,16d,
2020-01-26,16d,
2020-01-27,16d,
2020-01-28,16d,
2020-01-29,16d,
2020-01-30,16d,
2020-01-31,16d,
2020-02-01,16d,
2020-02-02,16d,
2020-02-03,16d,
2020-02-04,16d,
2020-02-05,16d,
2020-02-06,16d,0.0
2020-02-07,16d,0.0
2020-02-08,16d,0.0
2020-02-09,16d,0.0
2020-02-10,16d,0.0
2020-02-11,16d,0.0
2020-02-12,16d,0.0
2020-02-13,16d,0.0
2020-02-14,16d,0.0
2020-02-15,16d,0.0
2020-02-16,16d,0.0
2020-02-17,16d,0.0
2020-02-18,16d,0.0
2020-02-19,16d,0.0
2020-02-20,16d,0.0
2020-02-21,16d,0.0
2020-02-22,16d,0.0
2020-02-23,16d,0.0
2020-02-24,16d,0.0
2020-02-25,16d,0.0
2020-02-26,16d,0.0
2020-02-27,16d,0.0
2020-02-28,16d,0.0
2020-02-29,16d,0.0
2020-03-01,16d,0.25
2020-03-02,16d,1.25
2020-03-03,16d,2.0
2020-03-04,16d,2.0
2020-03-05,16d,2.25
2020-03-06,16d,3.0
2020-03-07,16d,3.0
2020-03-08,16d,3.0
2020-03-09,16d,3.25
2020-03-10,16d,3.25
2020-03-11,16d,4.0
2020-03-12,16d,4.0
2020-03-13,16d,4.0
2020-03-14,16d,4.5
2020-03-15,16d,6.0
2020-03-16,16d,6.5
2020-03-17,16d,8.25
2020-03-18,16d,10.5
2020-03-19,16d,16.5
2020-03-20,16d,21.25
2020-03-21,16d,24.25
2020-03-22,16d,34.75
2020-03-23,16d,49.75
2020-03-24,16d,62.75
2020-03-25,16d,75.25
2020-03-26,16d,108.5
2020-03-27,16d,165.0
2020-03-28,16d,231.25
2020-03-29,16d,251.75
2020-03-30,16d,333.5
2020-03-31,16d,429.75
2020-04-01,16d,516.75
2020-04-02,16d,533.5
2020-04-03,16d,648.0
2020-04-04,16d,892.75
2020-04-05,16d,1028.25
2020-04-06,16d,1175.25
2020-04-07,16d,1255.25
2020-04-08,16d,1265.5
2020-04-09,16d,1323.75
2020-04-10,16d,1566.0
2020-04-11,16d,1947.0
2020-04-12,16d,1947.0
2020-04-13,16d,1947.0
2020-04-14,16d,1960.0
2020-04-15,16d,1974.5
2020-04-16,16d,2000.25
2020-04-17,16d,2060.5
2020-04-18,16d,2060.5
2020-04-19,16d,2060.5
2020-04-20,16d,2060.5
2020-04-21,16d,2093.0
2020-04-22,16d,2093.0
2020-04-23,16d,2093.0
2020-04-24,16d,2093.0
2020-04-25,16d,2093.0
2020-04-26,16d,2093.0
2020-04-27,16d,2093.0
2020-04-28,16d,2093.0
2020-04-29,16d,2177.5
2020-04-30,16d,2123.0
2020-05-01,16d,2087.0
2020-05-02,16d,2068.0
2020-05-03,16d,2047.75
2020-05-04,16d,2047.75
2020-05-05,16d,2078.0
2020-05-06,16d,2078.0
2020-05-07,16d,2078.0
2020-05-08,16d,2060.75
2020-05-09,16d,2060.75
2020-05-10,16d,2060.75
2020-05-11,16d,2060.75
2020-05-12,16d,2060.75
2020-05-13,16d,2060.75
2020-05-14,16d,1978.25
2020-05-15,16d,1886.25
2020-05-16,16d,1802.0
2020-05-17,16d,1802.0
2020-05-18,16d,1802.0
2020-05-19,16d,1802.0
2020-05-20,16d,1802.0
2020-05-21,16d,1716.75
2020-05-22,16d,1550.5
2020-05-23,16d,1479.5
2020-05-24,16d,1442.0
2020-05-25,16d,1412.0
2020-05-26,16d,1412.0
2020-05-27,16d,1412.0
2020-05-28,16d,1389.0
2020-05-29,16d,1348.25
2020-05-30,16d,1327.5
2020-05-31,16d,1319.75
2020-06-01,16d,1319.75
2020-06-02,16d,1319.75
2020-06-03,16d,1319.75
2020-06-04,16d,1249.0
2020-06-05,16d,1190.75
2020-06-06,16d,1089.75
2020-06-07,16d,1008.25
2020-06-08,16d,967.0
2020-06-09,16d,967.0
2020-06-10,16d,967.0
2020-06-11,16d,967.0
2020-06-12,16d,936.5
2020-06-13,16d,905.75
2020-06-14,16d,898.0
2020-06-15,16d,890.5
2020-06-16,16d,890.5
2020-06-17,16d,890.5
2020-06-18,16d,885.75
2020-06-19,16d,838.5
2020-06-20,16d,784.75
2020-06-21,16d,768.25
2020-06-22,16d,768.25
2020-06-23,16d,768.25
2020-06-24,16d,768.25
2020-06-25,16d,768.25
2020-06-26,16d,738.5
2020-06-27,16d,725.25
2020-06-28,16d,712.0
2020-06-29,16d,712.0
2020-06-30,16d,712.0
2020-07-01,16d,712.0
2020-07-02,16d,705.0
2020-07-03,16d,701.75
2020-07-04,16d,698.0
2020-07-05,16d,698.0
2020-07-06,16d,698.0
2020-07-07,16d,702.75
2020-07-08,16d,712.0
2020-07-09,16d,759.75
2020-07-10,16d,857.25
2020-07-11,16d,781.25
2020-07-12,16d,781.25
2020-07-13,16d,781.25
2020-07-14,16d,781.25
2020-07-15,16d,855.0
2020-07-16,16d,860.25
2020-07-17,16d,874.5
2020-07-18,16d,878.25
2020-07-19,16d,878.25
2020-07-20,16d,878.25
2020-07-21,16d,903.25
2020-07-22,16d,929.25
2020-07-23,16d,956.75
2020-07-24,16d,990.0
2020-07-25,16d,1037.25
2020-07-26,16d,1037.25
2020-07-27,16d,1038.25
2020-01-22,17d,
2020-01-23,17d,
2020-01-24,17d,
2020-01-25,17d,
2020-01-26,17d,
2020-01-27,17d,
2020-01-28,17d,
2020-01-29,17d,
2020-01-30,17d,
2020-01-31,17d,
2020-02-01,17d,
2020-02-02,17d,
2020-02-03,17d,
2020-02-04,17d,
2020-02-05,17d,
2020-02-06,17d,
2020-02-07,17d,0.0
2020-02-08,17d,0.0
2020-02-09,17d,0.0
2020-02-10,17d,0.0
2020-02-11,17d,0.0
2020-02-12,17d,0.0
2020-02-13,17d,0.0
2020-02-14,17d,0.0
2020-02-15,17d,0.0
2020-02-16,17d,0.0
2020-02-17,17d,0.0
2020-02-18,17d,0.0
2020-02-19,17d,0.0
2020-02-20,17d,0.0
2020-02-21,17d,0.0
2020-02-22,17d,0.0
2020-02-23,17d,0.0
2020-02-24,17d,0.0
2020-02-25,17d,0.0
2020-02-26,17d,0.0
2020-02-27,17d,0.0
2020-02-28,17d,0.0
2020-02-29,17d,0.0
2020-03-01,17d,0.0
2020-03-02,17d,1.0
2020-03-03,17d,2.0
2020-03-04,17d,2.0
2020-03-05,17d,2.0
2020-03-06,17d,3.0
2020-03-07,17d,3.0
2020-03-08,17d,3.0
2020-03-09,17d,3.0
2020-03-10,17d,3.0
2020-03-11,17d,4.0
2020-03-12,17d,4.0
2020-03-13,17d,4.0
2020-03-14,17d,4.0
2020-03-15,17d,6.0
2020-03-16,17d,6.0
2020-03-17,17d,8.0
2020-03-18,17d,9.0
2020-03-19,17d,15.0
2020-03-20,17d,21.0
2020-03-21,17d,22.0
2020-03-22,17d,31.0
2020-03-23,17d,46.0
2020-03-24,17d,61.0
2020-03-25,17d,68.0
2020-03-26,17d,97.0
2020-03-27,17d,143.0
2020-03-28,17d,231.0
2020-03-29,17d,232.0
2020-03-30,17d,311.0
2020-03-31,17d,401.0
2020-04-01,17d,516.0
2020-04-02,17d,519.0
2020-04-03,17d,577.0
2020-04-04,17d,861.0
2020-04-05,17d,988.0
2020-04-06,17d,1149.0
2020-04-07,17d,1254.0
2020-04-08,17d,1259.0
2020-04-09,17d,1285.0
2020-04-10,17d,1440.0
2020-04-11,17d,1944.0
2020-04-12,17d,1944.0
2020-04-13,17d,1944.0
2020-04-14,17d,1956.0
2020-04-15,17d,1972.0
2020-04-16,17d,1982.0
2020-04-17,17d,2055.0
2020-04-18,17d,2055.0
2020-04-19,17d,2055.0
2020-04-20,17d,2055.0
2020-04-21,17d,2077.0
2020-04-22,17d,2077.0
2020-04-23,17d,2077.0
2020-04-24,17d,2077.0
2020-04-25,17d,2077.0
2020-04-26,17d,2077.0
2020-04-27,17d,2077.0
2020-04-28,17d,2077.0
2020-04-29,17d,2141.0
2020-04-30,17d,2141.0
2020-05-01,17d,2117.0
2020-05-02,17d,2077.0
2020-05-03,17d,2065.0
2020-05-04,17d,2042.0
2020-05-05,17d,2065.0
2020-05-06,17d,2065.0
2020-05-07,17d,2117.0
2020-05-08,17d,2065.0
2020-05-09,17d,2042.0
2020-05-10,17d,2042.0
2020-05-11,17d,2042.0
2020-05-12,17d,2042.0
2020-05-13,17d,2042.0
2020-05-14,17d,2042.0
2020-05-15,17d,1932.0
2020-05-16,17d,1871.0
2020-05-17,17d,1779.0
2020-05-18,17d,1779.0
2020-05-19,17d,1779.0
2020-05-20,17d,1779.0
2020-05-21,17d,1779.0
2020-05-22,17d,1696.0
2020-05-23,17d,1502.0
2020-05-24,17d,1472.0
2020-05-25,17d,1432.0
2020-05-26,17d,1392.0
2020-05-27,17d,1392.0
2020-05-28,17d,1392.0
2020-05-29,17d,1388.0
2020-05-30,17d,1335.0
2020-05-31,17d,1325.0
2020-06-01,17d,1318.0
2020-06-02,17d,1318.0
2020-06-03,17d,1318.0
2020-06-04,17d,1318.0
2020-06-05,17d,1226.0
2020-06-06,17d,1179.0
2020-06-07,17d,1060.0
2020-06-08,17d,991.0
2020-06-09,17d,959.0
2020-06-10,17d,959.0
2020-06-11,17d,959.0
2020-06-12,17d,959.0
2020-06-13,17d,929.0
2020-06-14,17d,898.0
2020-06-15,17d,898.0
2020-06-16,17d,888.0
2020-06-17,17d,888.0
2020-06-18,17d,888.0
2020-06-19,17d,885.0
2020-06-20,17d,823.0
2020-06-21,17d,772.0
2020-06-22,17d,767.0
2020-06-23,17d,767.0
2020-06-24,17d,767.0
2020-06-25,17d,772.0
2020-06-26,17d,767.0
2020-06-27,17d,729.0
2020-06-28,17d,724.0
2020-06-29,17d,708.0
2020-06-30,17d,708.0
2020-07-01,17d,708.0
2020-07-02,17d,708.0
2020-07-03,17d,704.0
2020-07-04,17d,701.0
2020-07-05,17d,697.0
2020-07-06,17d,697.0
2020-07-07,17d,701.0
2020-07-08,17d,708.0
2020-07-09,17d,724.0
2020-07-10,17d,854.0
2020-07-11,17d,854.0
2020-07-12,17d,757.0
2020-07-13,17d,757.0
2020-07-14,17d,757.0
2020-07-15,17d,854.0
2020-07-16,17d,858.0
2020-07-17,17d,867.0
2020-07-18,17d,872.0
2020-07-19,17d,872.0
2020-07-20,17d,872.0
2020-07-21,17d,897.0
2020-07-22,17d,922.0
2020-07-23,17d,951.0
2020-07-24,17d,974.0
2020-07-25,17d,1037.0
2020-07-26,17d,1037.0
2020-07-27,17d,1038.0
2020-01-22,18d,
2020-01-23,18d,
2020-01-24,18d,
2020-01-25,18d,
2020-01-26,18d,
2020-01-27,18d,
2020-01-28,18d,
2020-01-29,18d,
2020-01-30,18d,
2020-01-31,18d,
2020-02-01,18d,
2020-02-02,18d,
2020-02-03,18d,
2020-02-04,18d,
2020-02-05,18d,
2020-02-06,18d,
2020-02-07,18d,
2020-02-08,18d,0.0
2020-02-09,18d,0.0
2020-02-10,18d,0.0
2020-02-11,18d,0.0
2020-02-12,18d,0.0
2020-02-13,18d,0.0
2020-02-14,18d,0.0
2020-02-15,18d,0.0
2020-02-16,18d,0.0
2020-02-17,18d,0.0
2020-02-18,18d,0.0
2020-02-19,18d,0.0
2020-02-20,18d,0.0
2020-02-21,18d,0.0
2020-02-22,18d,0.0
2020-02-23,18d,0.0
2020-02-24,18d,0.0
2020-02-25,18d,0.0
2020-02-26,18d,0.0
2020-02-27,18d,0.0
2020-02-28,18d,0.0
2020-02-29,18d,0.0
2020-03-01,18d,0.0
2020-03-02,18d,0.75
2020-03-03,18d,1.75
2020-03-04,18d,2.0
2020-03-05,18d,2.0
2020-03-06,18d,2.75
2020-03-07,18d,2.75
2020-03-08,18d,3.0
2020-03-09,18d,3.0
2020-03-10,18d,3.0
2020-03-11,18d,3.75
2020-03-12,18d,4.0
2020-03-13,18d,4.0
2020-03-14,18d,4.0
2020-03-15,18d,5.5
2020-03-16,18d,6.0
2020-03-17,18d,7.5
2020-03-18,18d,8.75
2020-03-19,18d,13.5
2020-03-20,18d,19.5
2020-03-21,18d,21.75
2020-03-22,18d,28.75
2020-03-23,18d,42.25
2020-03-24,18d,57.25
2020-03-25,18d,66.25
2020-03-26,18d,89.75
2020-03-27,18d,131.5
2020-03-28,18d,209.0
2020-03-29,18d,231.75
2020-03-30,18d,291.25
2020-03-31,18d,378.5
2020-04-01,18d,487.25
2020-04-02,18d,518.25
2020-04-03,18d,562.5
2020-04-04,18d,790.0
2020-04-05,18d,956.25
2020-04-06,18d,1108.75
2020-04-07,18d,1227.75
2020-04-08,18d,1257.75
2020-04-09,18d,1278.5
2020-04-10,18d,1401.25
2020-04-11,18d,1818.0
2020-04-12,18d,1865.5
2020-04-13,18d,1865.5
2020-04-14,18d,1953.0
2020-04-15,18d,1968.0
2020-04-16,18d,1979.5
2020-04-17,18d,2036.75
2020-04-18,18d,2036.75
2020-04-19,18d,2036.75
2020-04-20,18d,2036.75
2020-04-21,18d,2071.5
2020-04-22,18d,2074.0
2020-04-23,18d,2074.0
2020-04-24,18d,2074.0
2020-04-25,18d,2074.0
2020-04-26,18d,2074.0
2020-04-27,18d,2074.0
2020-04-28,18d,2074.0
2020-04-29,18d,2125.0
2020-04-30,18d,2135.0
2020-05-01,18d,2135.0
2020-05-02,18d,2107.0
2020-05-03,18d,2074.0
2020-05-04,18d,2059.25
2020-05-05,18d,2059.25
2020-05-06,18d,2059.25
2020-05-07,18d,2104.0
2020-05-08,18d,2104.0
2020-05-09,18d,2059.25
2020-05-10,18d,2014.5
2020-05-11,18d,2014.5
2020-05-12,18d,2014.5
2020-05-13,18d,2014.5
2020-05-14,18d,2014.5
2020-05-15,18d,2014.5
2020-05-16,18d,1916.75
2020-05-17,18d,1848.0
2020-05-18,18d,1772.5
2020-05-19,18d,1758.25
2020-05-20,18d,1758.25
2020-05-21,18d,1758.25
2020-05-22,18d,1758.25
2020-05-23,18d,1647.5
2020-05-24,18d,1494.5
2020-05-25,18d,1462.0
2020-05-26,18d,1422.0
2020-05-27,18d,1391.0
2020-05-28,18d,1391.0
2020-05-29,18d,1391.0
2020-05-30,18d,1374.75
2020-05-31,18d,1332.5
2020-06-01,18d,1323.25
2020-06-02,18d,1295.0
2020-06-03,18d,1295.0
2020-06-04,18d,1295.0
2020-06-05,18d,1295.0
2020-06-06,18d,1214.25
2020-06-07,18d,1149.25
2020-06-08,18d,1042.75
2020-06-09,18d,983.0
2020-06-10,18d,951.5
2020-06-11,18d,951.5
2020-06-12,18d,951.5
2020-06-13,18d,951.5
2020-06-14,18d,921.25
2020-06-15,18d,898.0
2020-06-16,18d,895.5
2020-06-17,18d,887.25
2020-06-18,18d,887.25
2020-06-19,18d,887.25
2020-06-20,18d,869.5
2020-06-21,18d,810.25
2020-06-22,18d,770.75
2020-06-23,18d,757.5
2020-06-24,18d,757.5
2020-06-25,18d,770.75
2020-06-26,18d,770.75
2020-06-27,18d,757.5
2020-06-28,18d,727.75
2020-06-29,18d,720.0
2020-06-30,18d,707.0
2020-07-01,18d,707.0
2020-07-02,18d,707.0
2020-07-03,18d,707.0
2020-07-04,18d,703.25
2020-07-05,18d,700.0
2020-07-06,18d,686.5
2020-07-07,18d,700.0
2020-07-08,18d,706.25
2020-07-09,18d,720.0
2020-07-10,18d,821.5
2020-07-11,18d,829.75
2020-07-12,18d,829.75
2020-07-13,18d,743.0
2020-07-14,18d,751.75
2020-07-15,18d,829.75
2020-07-16,18d,857.0
2020-07-17,18d,864.75
2020-07-18,18d,870.75
2020-07-19,18d,870.75
2020-07-20,18d,870.75
2020-07-21,18d,890.75
2020-07-22,18d,915.75
2020-07-23,18d,943.75
2020-07-24,18d,968.25
2020-07-25,18d,1021.25
2020-07-26,18d,1021.25
2020-07-27,18d,1037.75
2020-01-22,19d,
2020-01-23,19d,
2020-01-24,19d,
2020-01-25,19d,
2020-01-26,19d,
2020-01-27,19d,
2020-01-28,19d,
2020-01-29,19d,
2020-01-30,19d,
2020-01-31,19d,
2020-02-01,19d,
2020-02-02,19d,
2020-02-03,19d,
2020-02-04,19d,
2020-02-05,19d,
2020-02-06,19d,
2020-02-07,19d,
2020-02-08,19d,
2020-02-09,19d,0.0
2020-02-10,19d,0.0
2020-02-11,19d,0.0
2020-02-12,19d,0.0
2020-02-13,19d,0.0
2020-02-14,19d,0.0
2020-02-15,19d,0.0
2020-02-16,19d,0.0
2020-02-17,19d,0.0
2020-02-18,19d,0.0
2020-02-19,19d,0.0
2020-02-20,19d,0.0
2020-02-21,19d,0.0
2020-02-22,19d,0.0
2020-02-23,19d,0.0
2020-02-24,19d,0.0
2020-02-25,19d,0.0
2020-02-26,19d,0.0
2020-02-27,19d,0.0
2020-02-28,19d,0.0
2020-02-29,19d,0.0
2020-03-01,19d,0.0
2020-03-02,19d,0.5
2020-03-03,19d,1.5
2020-03-04,19d,2.0
2020-03-05,19d,2.0
2020-03-06,19d,2.5
2020-03-07,19d,2.5
2020-03-08,19d,3.0
2020-03-09,19d,3.0
2020-03-10,19d,3.0
2020-03-11,19d,3.5
2020-03-12,19d,4.0
2020-03-13,19d,4.0
2020-03-14,19d,4.0
2020-03-15,19d,5.0
2020-03-16,19d,6.0
2020-03-17,19d,7.0
2020-03-18,19d,8.5
2020-03-19,19d,12.0
2020-03-20,19d,18.0
2020-03-21,19d,21.5
2020-03-22,19d,26.5
2020-03-23,19d,38.5
2020-03-24,19d,53.5
2020-03-25,19d,64.5
2020-03-26,19d,82.5
2020-03-27,19d,120.0
2020-03-28,19d,187.0
2020-03-29,19d,231.5
2020-03-30,19d,271.5
2020-03-31,19d,356.0
2020-04-01,19d,458.5
2020-04-02,19d,517.5
2020-04-03,19d,548.0
2020-04-04,19d,719.0
2020-04-05,19d,924.5
2020-04-06,19d,1068.5
2020-04-07,19d,1201.5
2020-04-08,19d,1256.5
2020-04-09,19d,1272.0
2020-04-10,19d,1362.5
2020-04-11,19d,1692.0
2020-04-12,19d,1787.0
2020-04-13,19d,1787.0
2020-04-14,19d,1950.0
2020-04-15,19d,1964.0
2020-04-16,19d,1977.0
2020-04-17,19d,2018.5
2020-04-18,19d,2018.5
2020-04-19,19d,2018.5
2020-04-20,19d,2018.5
2020-04-21,19d,2066.0
2020-04-22,19d,2071.0
2020-04-23,19d,2071.0
2020-04-24,19d,2071.0
2020-04-25,19d,2071.0
2020-04-26,19d,2071.0
2020-04-27,19d,2071.0
2020-04-28,19d,2071.0
2020-04-29,19d,2109.0
2020-04-30,19d,2129.0
2020-05-01,19d,2129.0
2020-05-02,19d,2129.0
2020-05-03,19d,2097.0
2020-05-04,19d,2071.0
2020-05-05,19d,2071.0
2020-05-06,19d,2053.5
2020-05-07,19d,2091.0
2020-05-08,19d,2091.0
2020-05-09,19d,2091.0
2020-05-10,19d,2053.5
2020-05-11,19d,1987.0
2020-05-12,19d,1987.0
2020-05-13,19d,1987.0
2020-05-14,19d,1987.0
2020-05-15,19d,1987.0
2020-05-16,19d,1987.0
2020-05-17,19d,1901.5
2020-05-18,19d,1825.0
2020-05-19,19d,1766.0
2020-05-20,19d,1737.5
2020-05-21,19d,1737.5
2020-05-22,19d,1737.5
2020-05-23,19d,1737.5
2020-05-24,19d,1599.0
2020-05-25,19d,1487.0
2020-05-26,19d,1452.0
2020-05-27,19d,1412.0
2020-05-28,19d,1390.0
2020-05-29,19d,1390.0
2020-05-30,19d,1390.0
2020-05-31,19d,1361.5
2020-06-01,19d,1330.0
2020-06-02,19d,1321.5
2020-06-03,19d,1272.0
2020-06-04,19d,1272.0
2020-06-05,19d,1272.0
2020-06-06,19d,1272.0
2020-06-07,19d,1202.5
2020-06-08,19d,1119.5
2020-06-09,19d,1025.5
2020-06-10,19d,975.0
2020-06-11,19d,944.0
2020-06-12,19d,944.0
2020-06-13,19d,944.0
2020-06-14,19d,944.0
2020-06-15,19d,913.5
2020-06-16,19d,898.0
2020-06-17,19d,893.0
2020-06-18,19d,886.5
2020-06-19,19d,886.5
2020-06-20,19d,886.5
2020-06-21,19d,854.0
2020-06-22,19d,797.5
2020-06-23,19d,769.5
2020-06-24,19d,748.0
2020-06-25,19d,769.5
2020-06-26,19d,769.5
2020-06-27,19d,769.5
2020-06-28,19d,748.0
2020-06-29,19d,726.5
2020-06-30,19d,716.0
2020-07-01,19d,706.0
2020-07-02,19d,706.0
2020-07-03,19d,706.0
2020-07-04,19d,706.0
2020-07-05,19d,702.5
2020-07-06,19d,699.0
2020-07-07,19d,699.0
2020-07-08,19d,704.5
2020-07-09,19d,716.0
2020-07-10,19d,789.0
2020-07-11,19d,805.5
2020-07-12,19d,805.5
2020-07-13,19d,805.5
2020-07-14,19d,746.5
2020-07-15,19d,805.5
2020-07-16,19d,856.0
2020-07-17,19d,862.5
2020-07-18,19d,869.5
2020-07-19,19d,869.5
2020-07-20,19d,869.5
2020-07-21,19d,884.5
2020-07-22,19d,909.5
2020-07-23,19d,936.5
2020-07-24,19d,962.5
2020-07-25,19d,1005.5
2020-07-26,19d,1005.5
2020-07-27,19d,1037.5
2020-01-22,20d,
2020-01-23,20d,
2020-01-24,20d,
2020-01-25,20d,
2020-01-26,20d,
2020-01-27,20d,
2020-01-28,20d,
2020-01-29,20d,
2020-01-30,20d,
2020-01-31,20d,
2020-02-01,20d,
2020-02-02,20d,
2020-02-03,20d,
2020-02-04,20d,
2020-02-05,20d,
2020-02-06,20d,
2020-02-07,20d,
2020-02-08,20d,
2020-02-09,20d,
2020-02-10,20d,0.0
2020-02-11,20d,0.0
2020-02-12,20d,0.0
2020-02-13,20d,0.0
2020-02-14,20d,0.0
2020-02-15,20d,0.0
2020-02-16,20d,0.0
2020-02-17,20d,0.0
2020-02-18,20d,0.0
2020-02-19,20d,0.0
2020-02-20,20d,0.0
2020-02-21,20d,0.0
2020-02-22,20d,0.0
2020-02-23,20d,0.0
2020-02-24,20d,0.0
2020-02-25,20d,0.0
2020-02-26,20d,0.0
2020-02-27,20d,0.0
2020-02-28,20d,0.0
2020-02-29,20d,0.0
2020-03-01,20d,0.0
2020-03-02,20d,0.25
2020-03-03,20d,1.25
2020-03-04,20d,2.0
2020-03-05,20d,2.0
2020-03-06,20d,2.25
2020-03-07,20d,2.25
2020-03-08,20d,3.0
2020-03-09,20d,3.0
2020-03-10,20d,3.0
2020-03-11,20d,3.25
2020-03-12,20d,4.0
2020-03-13,20d,4.0
2020-03-14,20d,4.0
2020-03-15,20d,4.5
2020-03-16,20d,6.0
2020-03-17,20d,6.5
2020-03-18,20d,8.25
2020-03-19,20d,10.5
2020-03-20,20d,16.5
2020-03-21,20d,21.25
2020-03-22,20d,24.25
2020-03-23,20d,34.75
2020-03-24,20d,49.75
2020-03-25,20d,62.75
2020-03-26,20d,75.25
2020-03-27,20d,108.5
2020-03-28,20d,165.0
2020-03-29,20d,231.25
2020-03-30,20d,251.75
2020-03-31,20d,333.5
2020-04-01,20d,429.75
2020-04-02,20d,516.75
2020-04-03,20d,533.5
2020-04-04,20d,648.0
2020-04-05,20d,892.75
2020-04-06,20d,1028.25
2020-04-07,20d,1175.25
2020-04-08,20d,1255.25
2020-04-09,20d,1265.5
2020-04-10,20d,1323.75
2020-04-11,20d,1566.0
2020-04-12,20d,1708.5
2020-04-13,20d,1708.5
2020-04-14,20d,1947.0
2020-04-15,20d,1960.0
2020-04-16,20d,1974.5
2020-04-17,20d,2000.25
2020-04-18,20d,2000.25
2020-04-19,20d,2000.25
2020-04-20,20d,2000.25
2020-04-21,20d,2060.5
2020-04-22,20d,2068.0
2020-04-23,20d,2068.0
2020-04-24,20d,2068.0
2020-04-25,20d,2068.0
2020-04-26,20d,2068.0
2020-04-27,20d,2068.0
2020-04-28,20d,2068.0
2020-04-29,20d,2093.0
2020-04-30,20d,2123.0
2020-05-01,20d,2123.0
2020-05-02,20d,2123.0
2020-05-03,20d,2123.0
2020-05-04,20d,2087.0
2020-05-05,20d,2087.0
2020-05-06,20d,2068.0
2020-05-07,20d,2078.0
2020-05-08,20d,2078.0
2020-05-09,20d,2078.0
2020-05-10,20d,2078.0
2020-05-11,20d,2047.75
2020-05-12,20d,1959.5
2020-05-13,20d,1959.5
2020-05-14,20d,1959.5
2020-05-15,20d,1959.5
2020-05-16,20d,1959.5
2020-05-17,20d,1959.5
2020-05-18,20d,1886.25
2020-05-19,20d,1802.0
2020-05-20,20d,1759.5
2020-05-21,20d,1716.75
2020-05-22,20d,1716.75
2020-05-23,20d,1716.75
2020-05-24,20d,1716.75
2020-05-25,20d,1550.5
2020-05-26,20d,1479.5
2020-05-27,20d,1442.0
2020-05-28,20d,1402.0
2020-05-29,20d,1389.0
2020-05-30,20d,1389.0
2020-05-31,20d,1389.0
2020-06-01,20d,1348.25
2020-06-02,20d,1327.5
2020-06-03,20d,1319.75
2020-06-04,20d,1249.0
2020-06-05,20d,1249.0
2020-06-06,20d,1249.0
2020-06-07,20d,1249.0
2020-06-08,20d,1190.75
2020-06-09,20d,1089.75
2020-06-10,20d,1008.25
2020-06-11,20d,967.0
2020-06-12,20d,936.5
2020-06-13,20d,936.5
2020-06-14,20d,936.5
2020-06-15,20d,936.5
2020-06-16,20d,905.75
2020-06-17,20d,898.0
2020-06-18,20d,890.5
2020-06-19,20d,885.75
2020-06-20,20d,885.75
2020-06-21,20d,885.75
2020-06-22,20d,838.5
2020-06-23,20d,784.75
2020-06-24,20d,768.25
2020-06-25,20d,768.25
2020-06-26,20d,768.25
2020-06-27,20d,768.25
2020-06-28,20d,768.25
2020-06-29,20d,738.5
2020-06-30,20d,725.25
2020-07-01,20d,712.0
2020-07-02,20d,705.0
2020-07-03,20d,705.0
2020-07-04,20d,705.0
2020-07-05,20d,705.0
2020-07-06,20d,701.75
2020-07-07,20d,701.75
2020-07-08,20d,702.75
2020-07-09,20d,712.0
2020-07-10,20d,756.5
2020-07-11,20d,781.25
2020-07-12,20d,781.25
2020-07-13,20d,781.25
2020-07-14,20d,781.25
2020-07-15,20d,781.25
2020-07-16,20d,855.0
2020-07-17,20d,860.25
2020-07-18,20d,868.25
2020-07-19,20d,868.25
2020-07-20,20d,868.25
2020-07-21,20d,878.25
2020-07-22,20d,903.25
2020-07-23,20d,929.25
2020-07-24,20d,956.75
2020-07-25,20d,989.75
2020-07-26,20d,989.75
2020-07-27,20d,1037.25
2020-01-22,21d,
2020-01-23,21d,
2020-01-24,21d,
2020-01-25,21d,
2020-01-26,21d,
2020-01-27,21d,
2020-01-28,21d,
2020-01-29,21d,
2020-01-30,21d,
2020-01-31,21d,
2020-02-01,21d,
2020-02-02,21d,
2020-02-03,21d,
2020-02-04,21d,
2020-02-05,21d,
2020-02-06,21d,
2020-02-07,21d,
2020-02-08,21d,
2020-02-09,21d,
2020-02-10,21d,
2020-02-11,21d,0.0
2020-02-12,21d,0.0
2020-02-13,21d,0.0
2020-02-14,21d,0.0
2020-02-15,21d,0.0
2020-02-16,21d,0.0
2020-02-17,21d,0.0
2020-02-18,21d,0.0
2020-02-19,21d,0.0
2020-02-20,21d,0.0
2020-02-21,21d,0.0
2020-02-22,21d,0.0
2020-02-23,21d,0.0
2020-02-24,21d,0.0
2020-02-25,21d,0.0
2020-02-26,21d,0.0
2020-02-27,21d,0.0
2020-02-28,21d,0.0
2020-02-29,21d,0.0
2020-03-01,21d,0.0
2020-03-02,21d,0.0
2020-03-03,21d,1.0
2020-03-04,21d,2.0
2020-03-05,21d,2.0
2020-03-06,21d,2.0
2020-03-07,21d,2.0
2020-03-08,21d,3.0
2020-03-09,21d,3.0
2020-03-10,21d,3.0
2020-03-11,21d,3.0
2020-03-12,21d,4.0
2020-03-13,21d,4.0
2020-03-14,21d,4.0
2020-03-15,21d,4.0
2020-03-16,21d,6.0
2020-03-17,21d,6.0
2020-03-18,21d,8.0
2020-03-19,21d,9.0
2020-03-20,21d,15.0
2020-03-21,21d,21.0
2020-03-22,21d,22.0
2020-03-23,21d,31.0
2020-03-24,21d,46.0
2020-03-25,21d,61.0
2020-03-26,21d,68.0
2020-03-27,21d,97.0
2020-03-28,21d,143.0
2020-03-29,21d,231.0
2020-03-30,21d,232.0
2020-03-31,21d,311.0
2020-04-01,21d,401.0
2020-04-02,21d,516.0
2020-04-03,21d,519.0
2020-04-04,21d,577.0
2020-04-05,21d,861.0
2020-04-06,21d,988.0
2020-04-07,21d,1149.0
2020-04-08,21d,1254.0
2020-04-09,21d,1259.0
2020-04-10,21d,1285.0
2020-04-11,21d,1440.0
2020-04-12,21d,1630.0
2020-04-13,21d,1630.0
2020-04-14,21d,1944.0
2020-04-15,21d,1956.0
2020-04-16,21d,1972.0
2020-04-17,21d,1982.0
2020-04-18,21d,1982.0
2020-04-19,21d,1982.0
2020-04-20,21d,1982.0
2020-04-21,21d,2055.0
2020-04-22,21d,2065.0
2020-04-23,21d,2065.0
2020-04-24,21d,2065.0
2020-04-25,21d,2065.0
2020-04-26,21d,2065.0
2020-04-27,21d,2065.0
2020-04-28,21d,2065.0
2020-04-29,21d,2077.0
2020-04-30,21d,2117.0
2020-05-01,21d,2117.0
2020-05-02,21d,2117.0
2020-05-03,21d,2117.0
2020-05-04,21d,2117.0
2020-05-05,21d,2117.0
2020-05-06,21d,2077.0
2020-05-07,21d,2077.0
2020-05-08,21d,2065.0
2020-05-09,21d,2065.0
2020-05-10,21d,2065.0
2020-05-11,21d,2065.0
2020-05-12,21d,2042.0
2020-05-13,21d,1932.0
2020-05-14,21d,1932.0
2020-05-15,21d,1932.0
2020-05-16,21d,1932.0
2020-05-17,21d,1932.0
2020-05-18,21d,1932.0
2020-05-19,21d,1871.0
2020-05-20,21d,1779.0
2020-05-21,21d,1753.0
2020-05-22,21d,1696.0
2020-05-23,21d,1696.0
2020-05-24,21d,1696.0
2020-05-25,21d,1696.0
2020-05-26,21d,1502.0
2020-05-27,21d,1472.0
2020-05-28,21d,1432.0
2020-05-29,21d,1392.0
2020-05-30,21d,1388.0
2020-05-31,21d,1388.0
2020-06-01,21d,1388.0
2020-06-02,21d,1335.0
2020-06-03,21d,1325.0
2020-06-04,21d,1318.0
2020-06-05,21d,1226.0
2020-06-06,21d,1226.0
2020-06-07,21d,1226.0
2020-06-08,21d,1226.0
2020-06-09,21d,1179.0
2020-06-10,21d,1060.0
2020-06-11,21d,991.0
2020-06-12,21d,959.0
2020-06-13,21d,929.0
2020-06-14,21d,929.0
2020-06-15,21d,929.0
2020-06-16,21d,929.0
2020-06-17,21d,898.0
2020-06-18,21d,898.0
2020-06-19,21d,888.0
2020-06-20,21d,885.0
2020-06-21,21d,885.0
2020-06-22,21d,885.0
2020-06-23,21d,823.0
2020-06-24,21d,772.0
2020-06-25,21d,772.0
2020-06-26,21d,767.0
2020-06-27,21d,767.0
2020-06-28,21d,767.0
2020-06-29,21d,767.0
2020-06-30,21d,729.0
2020-07-01,21d,724.0
2020-07-02,21d,708.0
2020-07-03,21d,704.0
2020-07-04,21d,704.0
2020-07-05,21d,704.0
2020-07-06,21d,704.0
2020-07-07,21d,704.0
2020-07-08,21d,704.0
2020-07-09,21d,708.0
2020-07-10,21d,724.0
2020-07-11,21d,757.0
2020-07-12,21d,757.0
2020-07-13,21d,757.0
2020-07-14,21d,757.0
2020-07-15,21d,854.0
2020-07-16,21d,854.0
2020-07-17,21d,858.0
2020-07-18,21d,867.0
2020-07-19,21d,867.0
2020-07-20,21d,867.0
2020-07-21,21d,872.0
2020-07-22,21d,897.0
2020-07-23,21d,922.0
2020-07-24,21d,951.0
2020-07-25,21d,974.0
2020-07-26,21d,974.0
2020-07-27,21d,1037.0
2020-01-22,deathIncrease,0.0
2020-01-23,deathIncrease,0.0
2020-01-24,deathIncrease,0.0
2020-01-25,deathIncrease,0.0
2020-01-26,deathIncrease,0.0
2020-01-27,deathIncrease,0.0
2020-01-28,deathIncrease,0.0
2020-01-29,deathIncrease,0.0
2020-01-30,deathIncrease,0.0
2020-01-31,deathIncrease,0.0
2020-02-01,deathIncrease,0.0
2020-02-02,deathIncrease,0.0
2020-02-03,deathIncrease,0.0
2020-02-04,deathIncrease,0.0
2020-02-05,deathIncrease,0.0
2020-02-06,deathIncrease,0.0
2020-02-07,deathIncrease,0.0
2020-02-08,deathIncrease,0.0
2020-02-09,deathIncrease,0.0
2020-02-10,deathIncrease,0.0
2020-02-11,deathIncrease,0.0
2020-02-12,deathIncrease,0.0
2020-02-13,deathIncrease,0.0
2020-02-14,deathIncrease,0.0
2020-02-15,deathIncrease,0.0
2020-02-16,deathIncrease,0.0
2020-02-17,deathIncrease,0.0
2020-02-18,deathIncrease,0.0
2020-02-19,deathIncrease,0.0
2020-02-20,deathIncrease,0.0
2020-02-21,deathIncrease,0.0
2020-02-22,deathIncrease,0.0
2020-02-23,deathIncrease,0.0
2020-02-24,deathIncrease,0.0
2020-02-25,deathIncrease,0.0
2020-02-26,deathIncrease,2.0
2020-02-27,deathIncrease,0.0
2020-02-28,deathIncrease,2.0
2020-02-29,deathIncrease,1.0
2020-03-01,deathIncrease,3.0
2020-03-02,deathIncrease,3.0
2020-03-03,deathIncrease,3.0
2020-03-04,deathIncrease,2.0
2020-03-05,deathIncrease,4.0
2020-03-06,deathIncrease,6.0
2020-03-07,deathIncrease,1.0
2020-03-08,deathIncrease,4.0
2020-03-09,deathIncrease,4.0
2020-03-10,deathIncrease,2.0
2020-03-11,deathIncrease,6.0
2020-03-12,deathIncrease,8.0
2020-03-13,deathIncrease,4.0
2020-03-14,deathIncrease,9.0
2020-03-15,deathIncrease,15.0
2020-03-16,deathIncrease,21.0
2020-03-17,deathIncrease,22.0
2020-03-18,deathIncrease,31.0
2020-03-19,deathIncrease,46.0
2020-03-20,deathIncrease,68.0
2020-03-21,deathIncrease,61.0
2020-03-22,deathIncrease,143.0
2020-03-23,deathIncrease,97.0
2020-03-24,deathIncrease,231.0
2020-03-25,deathIncrease,232.0
2020-03-26,deathIncrease,311.0
2020-03-27,deathIncrease,401.0
2020-03-28,deathIncrease,519.0
2020-03-29,deathIncrease,516.0
2020-03-30,deathIncrease,577.0
2020-03-31,deathIncrease,861.0
2020-04-01,deathIncrease,988.0
2020-04-02,deathIncrease,1149.0
2020-04-03,deathIncrease,1259.0
2020-04-04,deathIncrease,1440.0
2020-04-05,deathIncrease,1285.0
2020-04-06,deathIncrease,1254.0
2020-04-07,deathIncrease,1956.0
2020-04-08,deathIncrease,1944.0
2020-04-09,deathIncrease,1972.0
2020-04-10,deathIncrease,2055.0
2020-04-11,deathIncrease,1982.0
2020-04-12,deathIncrease,1630.0
2020-04-13,deathIncrease,1572.0
2020-04-14,deathIncrease,2287.0
2020-04-15,deathIncrease,2486.0
2020-04-16,deathIncrease,2141.0
2020-04-17,deathIncrease,2077.0
2020-04-18,deathIncrease,1837.0
2020-04-19,deathIncrease,1733.0
2020-04-20,deathIncrease,1765.0
2020-04-21,deathIncrease,2429.0
2020-04-22,deathIncrease,2065.0
2020-04-23,deathIncrease,1764.0
2020-04-24,deathIncrease,1865.0
2020-04-25,deathIncrease,1714.0
2020-04-26,deathIncrease,1188.0
2020-04-27,deathIncrease,1237.0
2020-04-28,deathIncrease,2042.0
2020-04-29,deathIncrease,2692.0
2020-04-30,deathIncrease,2117.0
2020-05-01,deathIncrease,1753.0
2020-05-02,deathIncrease,1541.0
2020-05-03,deathIncrease,1206.0
2020-05-04,deathIncrease,1012.0
2020-05-05,deathIncrease,2445.0
2020-05-06,deathIncrease,1932.0
2020-05-07,deathIncrease,2740.0
2020-05-08,deathIncrease,1779.0
2020-05-09,deathIncrease,1432.0
2020-05-10,deathIncrease,1024.0
2020-05-11,deathIncrease,887.0
2020-05-12,deathIncrease,1472.0
2020-05-13,deathIncrease,1696.0
2020-05-14,deathIncrease,1871.0
2020-05-15,deathIncrease,1502.0
2020-05-16,deathIncrease,984.0
2020-05-17,deathIncrease,846.0
2020-05-18,deathIncrease,844.0
2020-05-19,deathIncrease,1325.0
2020-05-20,deathIncrease,1392.0
2020-05-21,deathIncrease,1388.0
2020-05-22,deathIncrease,1335.0
2020-05-23,deathIncrease,1060.0
2020-05-24,deathIncrease,678.0
2020-05-25,deathIncrease,555.0
2020-05-26,deathIncrease,640.0
2020-05-27,deathIncrease,1318.0
2020-05-28,deathIncrease,1226.0
2020-05-29,deathIncrease,1179.0
2020-05-30,deathIncrease,929.0
2020-05-31,deathIncrease,649.0
2020-06-01,deathIncrease,665.0
2020-06-02,deathIncrease,959.0
2020-06-03,deathIncrease,991.0
2020-06-04,deathIncrease,888.0
2020-06-05,deathIncrease,823.0
2020-06-06,deathIncrease,727.0
2020-06-07,deathIncrease,446.0
2020-06-08,deathIncrease,660.0
2020-06-09,deathIncrease,898.0
2020-06-10,deathIncrease,885.0
2020-06-11,deathIncrease,898.0
2020-06-12,deathIncrease,772.0
2020-06-13,deathIncrease,691.0
2020-06-14,deathIncrease,355.0
2020-06-15,deathIncrease,380.0
2020-06-16,deathIncrease,729.0
2020-06-17,deathIncrease,767.0
2020-06-18,deathIncrease,704.0
2020-06-19,deathIncrease,655.0
2020-06-20,deathIncrease,628.0
2020-06-21,deathIncrease,292.0
2020-06-22,deathIncrease,283.0
2020-06-23,deathIncrease,708.0
2020-06-24,deathIncrease,724.0
2020-06-25,deathIncrease,2501.0
2020-06-26,deathIncrease,636.0
2020-06-27,deathIncrease,509.0
2020-06-28,deathIncrease,271.0
2020-06-29,deathIncrease,330.0
2020-06-30,deathIncrease,596.0
2020-07-01,deathIncrease,701.0
2020-07-02,deathIncrease,697.0
2020-07-03,deathIncrease,597.0
2020-07-04,deathIncrease,306.0
2020-07-05,deathIncrease,209.0
2020-07-06,deathIncrease,242.0
2020-07-07,deathIncrease,922.0
2020-07-08,deathIncrease,897.0
2020-07-09,deathIncrease,867.0
2020-07-10,deathIncrease,854.0
2020-07-11,deathIncrease,757.0
2020-07-12,deathIncrease,476.0
2020-07-13,deathIncrease,327.0
2020-07-14,deathIncrease,736.0
2020-07-15,deathIncrease,858.0
2020-07-16,deathIncrease,974.0
2020-07-17,deathIncrease,951.0
2020-07-18,deathIncrease,872.0
2020-07-19,deathIncrease,526.0
2020-07-20,deathIncrease,362.0
2020-07-21,deathIncrease,1038.0
2020-07-22,deathIncrease,1117.0
2020-07-23,deathIncrease,1039.0
2020-07-24,deathIncrease,1178.0
2020-07-25,deathIncrease,1037.0
2020-07-26,deathIncrease,558.0
2020-07-27,deathIncrease,1059.0
