datetimeobject,epochmilli,STUSPS,COUNTYGEOID,positiveIncrease,positiveCumulative,deathIncrease,deathCumulative,positiveRate,deathRate,positiveIncreaseRate,deathIncreaseRate,ndays
2020-03-09,1583712000000,DC,11001,0.0,0.0,0.0,0.0,0.0,0.0,0.0,0.0,0
2020-03-10,1583798400000,DC,11001,0.0,0.0,0.0,0.0,0.0,0.0,0.0,0.0,1
2020-03-11,1583884800000,DC,11001,0.0,0.0,0.0,0.0,0.0,0.0,0.0,0.0,2
2020-03-12,1583971200000,DC,11001,0.0,0.0,0.0,0.0,0.0,0.0,0.0,0.0,3
2020-03-13,1584057600000,DC,11001,0.0,0.0,0.0,0.0,0.0,0.0,0.0,0.0,4
2020-03-14,1584144000000,DC,11001,0.0,0.0,0.0,0.0,0.0,0.0,0.0,0.0,5
2020-03-15,1584230400000,DC,11001,0.0,0.0,0.0,0.0,0.0,0.0,0.0,0.0,6
2020-03-16,1584316800000,DC,11001,22.0,22.0,0.0,0.0,3.1172555681977583,0.0,3.1172555681977583,0.0,7
2020-03-17,1584403200000,DC,11001,0.0,22.0,0.0,0.0,3.1172555681977583,0.0,0.0,0.0,8
2020-03-18,1584489600000,DC,11001,9.0,31.0,0.0,0.0,4.392496482460478,0.0,1.2752409142627195,0.0,9
2020-03-19,1584576000000,DC,11001,9.0,40.0,0.0,0.0,5.667737396723198,0.0,1.2752409142627195,0.0,10
2020-03-20,1584662400000,DC,11001,31.0,71.0,0.0,0.0,10.060233879183675,0.0,4.392496482460478,0.0,11
2020-03-21,1584748800000,DC,11001,27.0,98.0,0.0,0.0,13.885956621971834,0.0,3.8257227427881584,0.0,12
2020-03-22,1584835200000,DC,11001,4.0,102.0,2.0,2.0,14.452730361644154,0.28338686983615985,0.5667737396723197,0.28338686983615985,13
2020-03-23,1584921600000,DC,11001,18.0,120.0,0.0,2.0,17.00321219016959,0.28338686983615985,2.550481828525439,0.0,14
2020-03-24,1585008000000,DC,11001,21.0,141.0,0.0,2.0,19.978774323449272,0.28338686983615985,2.9755621332796784,0.0,15
2020-03-25,1585094400000,DC,11001,46.0,187.0,0.0,2.0,26.496672329680948,0.28338686983615985,6.517898006231677,0.0,16
2020-03-26,1585180800000,DC,11001,44.0,231.0,1.0,3.0,32.731183466076466,0.4250803047542398,6.234511136395517,0.14169343491807992,17
2020-03-27,1585267200000,DC,11001,40.0,271.0,0.0,3.0,38.39892086279966,0.4250803047542398,5.667737396723198,0.0,18
2020-03-28,1585353600000,DC,11001,33.0,304.0,1.0,4.0,43.0748042150963,0.5667737396723197,4.675883352296638,0.14169343491807992,19
2020-03-29,1585440000000,DC,11001,38.0,342.0,1.0,5.0,48.45915474198334,0.7084671745903998,5.3843505268870375,0.14169343491807992,20
2020-03-30,1585526400000,DC,11001,59.0,401.0,4.0,9.0,56.81906740215006,1.2752409142627195,8.359912660166716,0.5667737396723197,21
2020-03-31,1585612800000,DC,11001,94.0,495.0,0.0,9.0,70.13825028444957,1.2752409142627195,13.319182882299513,0.0,22
2020-04-01,1585699200000,DC,11001,91.0,586.0,0.0,9.0,83.03235286199485,1.2752409142627195,12.894102577545274,0.0,23
2020-04-02,1585785600000,DC,11001,67.0,653.0,3.0,12.0,92.5258130015062,1.7003212190169592,9.493460139511356,0.4250803047542398,24
2020-04-03,1585872000000,DC,11001,104.0,757.0,3.0,15.0,107.2619302329865,2.125401523771199,14.736117231480314,0.4250803047542398,25
2020-04-04,1585958400000,DC,11001,145.0,902.0,6.0,21.0,127.80747829610812,2.9755621332796784,20.54554806312159,0.8501606095084796,26
2020-04-05,1586044800000,DC,11001,100.0,1002.0,1.0,22.0,141.9768217879161,3.1172555681977583,14.169343491807993,0.14169343491807992,27
2020-04-06,1586131200000,DC,11001,95.0,1097.0,0.0,22.0,155.43769810513368,3.1172555681977583,13.460876317217593,0.0,28
2020-04-07,1586217600000,DC,11001,114.0,1211.0,0.0,22.0,171.5907496857948,3.1172555681977583,16.153051580661113,0.0,29
2020-04-08,1586304000000,DC,11001,229.0,1440.0,5.0,27.0,204.0385462820351,3.8257227427881584,32.4477965962403,0.7084671745903998,30
2020-04-09,1586390400000,DC,11001,83.0,1523.0,5.0,32.0,215.79910138023575,4.534189917378558,11.760555098200635,0.7084671745903998,31
2020-04-10,1586476800000,DC,11001,137.0,1660.0,6.0,38.0,235.21110196401267,5.3843505268870375,19.41200058377695,0.8501606095084796,32
2020-04-11,1586563200000,DC,11001,118.0,1778.0,9.0,47.0,251.93092728434613,6.6595914411497565,16.71982532033343,1.2752409142627195,33
2020-04-12,1586649600000,DC,11001,97.0,1875.0,3.0,50.0,265.6751904713999,7.0846717459039965,13.744263187053754,0.4250803047542398,34
2020-04-13,1586736000000,DC,11001,80.0,1955.0,2.0,52.0,277.01066526484624,7.368058615740157,11.335474793446396,0.28338686983615985,35
2020-04-14,1586822400000,DC,11001,103.0,2058.0,15.0,67.0,291.6050890614085,9.493460139511356,14.594423796562234,2.125401523771199,36
2020-04-15,1586908800000,DC,11001,139.0,2197.0,5.0,72.0,311.3004765150216,10.201927314101756,19.69538745361311,0.7084671745903998,37
2020-04-16,1586995200000,DC,11001,153.0,2350.0,9.0,81.0,332.9795720574878,11.477168228364475,21.679095542466232,1.2752409142627195,38
2020-04-17,1587081600000,DC,11001,126.0,2476.0,5.0,86.0,350.8329448571659,12.185635402954876,17.853372799678073,0.7084671745903998,39
2020-04-18,1587168000000,DC,11001,190.0,2666.0,5.0,91.0,377.7546974916011,12.894102577545274,26.921752634435187,0.7084671745903998,40
2020-04-19,1587254400000,DC,11001,127.0,2793.0,5.0,96.0,395.74976372619733,13.602569752135674,17.995066234596152,0.7084671745903998,41
2020-04-20,1587340800000,DC,11001,134.0,2927.0,9.0,105.0,414.73668400522,14.877810666398394,18.986920279022712,1.2752409142627195,42
2020-04-21,1587427200000,DC,11001,171.0,3098.0,7.0,112.0,438.96626137621166,15.869664710824953,24.22957737099167,0.9918540444265596,43
2020-04-22,1587513600000,DC,11001,108.0,3206.0,15.0,127.0,454.26915234736424,17.995066234596152,15.302890971152634,2.125401523771199,44
2020-04-23,1587600000000,DC,11001,155.0,3361.0,12.0,139.0,476.2316347596667,19.69538745361311,21.962482412302393,1.7003212190169592,45
2020-04-24,1587686400000,DC,11001,167.0,3528.0,14.0,153.0,499.89443839098607,21.679095542466232,23.662803631319353,1.9837080888531191,46
2020-04-25,1587772800000,DC,11001,171.0,3699.0,12.0,165.0,524.1240157619777,23.379416761483192,24.22957737099167,1.7003212190169592,47
2020-04-26,1587859200000,DC,11001,142.0,3841.0,13.0,178.0,544.244483520345,25.221431415418227,20.12046775836735,1.8420146539350393,48
2020-04-27,1587945600000,DC,11001,51.0,3892.0,7.0,185.0,551.4708487011671,26.213285459844787,7.226365180822077,0.9918540444265596,49
2020-04-28,1588032000000,DC,11001,102.0,3994.0,5.0,190.0,565.9235790628113,26.921752634435187,14.452730361644154,0.7084671745903998,50
2020-04-29,1588118400000,DC,11001,112.0,4106.0,15.0,205.0,581.7932437736363,29.047154158206386,15.869664710824953,2.125401523771199,51
2020-04-30,1588204800000,DC,11001,217.0,4323.0,19.0,224.0,612.5407191508596,31.739329421649906,30.747475377223346,2.6921752634435188,52
2020-05-01,1588291200000,DC,11001,335.0,4658.0,7.0,231.0,660.0080198484163,32.731183466076466,47.46730069755678,0.9918540444265596,53
2020-05-02,1588377600000,DC,11001,139.0,4797.0,9.0,240.0,679.7034073020295,34.00642438033918,19.69538745361311,1.2752409142627195,54
2020-05-03,1588464000000,DC,11001,219.0,5016.0,11.0,251.0,710.7342695490889,35.565052164438065,31.030862247059506,1.5586277840988791,55
2020-05-04,1588550400000,DC,11001,154.0,5170.0,7.0,258.0,732.5550585264733,36.556906208864625,21.82078897738431,0.9918540444265596,56
2020-05-05,1588636800000,DC,11001,152.0,5322.0,6.0,264.0,754.0924606340214,37.4070668183731,21.53740210754815,0.8501606095084796,57
2020-05-06,1588723200000,DC,11001,139.0,5461.0,13.0,277.0,773.7878480876345,39.24908147230814,19.69538745361311,1.8420146539350393,58
2020-05-07,1588809600000,DC,11001,193.0,5654.0,8.0,285.0,801.1346810268241,40.382628951652784,27.346832939189426,1.1335474793446394,59
2020-05-08,1588896000000,DC,11001,245.0,5899.0,19.0,304.0,835.8495725817535,43.0748042150963,34.71489155492959,2.6921752634435188,60
2020-05-09,1588982400000,DC,11001,203.0,6102.0,7.0,311.0,864.6133398701237,44.06665825952286,28.76376728837023,0.9918540444265596,61
2020-05-10,1589068800000,DC,11001,170.0,6272.0,12.0,323.0,888.7012238061974,45.766979478539824,24.087883936073588,1.7003212190169592,62
2020-05-11,1589155200000,DC,11001,117.0,6389.0,5.0,328.0,905.2793556916127,46.47544665313022,16.578131885415353,0.7084671745903998,63
2020-05-12,1589241600000,DC,11001,96.0,6485.0,8.0,336.0,918.8819254437484,47.608994132474855,13.602569752135674,1.1335474793446394,64
2020-05-13,1589328000000,DC,11001,99.0,6584.0,14.0,350.0,932.9095755006383,49.592702221327976,14.027650056889915,1.9837080888531191,65
2020-05-14,1589414400000,DC,11001,152.0,6736.0,8.0,358.0,954.4469776081866,50.726249700672625,21.53740210754815,1.1335474793446394,66
2020-05-15,1589500800000,DC,11001,135.0,6871.0,10.0,368.0,973.5755913221274,52.14318404985342,19.12861371394079,1.4169343491807995,67
2020-05-16,1589587200000,DC,11001,171.0,7042.0,7.0,375.0,997.8051686931188,53.13503809427998,24.22957737099167,0.9918540444265596,68
2020-05-17,1589673600000,DC,11001,81.0,7123.0,8.0,383.0,1009.2823369214835,54.26858557362462,11.477168228364475,1.1335474793446394,69
2020-05-18,1589760000000,DC,11001,147.0,7270.0,9.0,392.0,1030.1112718544412,55.54382648788734,20.82893493295775,1.2752409142627195,70
2020-05-19,1589846400000,DC,11001,164.0,7434.0,8.0,400.0,1053.3489951810063,56.67737396723197,23.23772332656511,1.1335474793446394,71
2020-05-20,1589932800000,DC,11001,117.0,7551.0,7.0,407.0,1069.9271270664217,57.66922801165854,16.578131885415353,0.9918540444265596,72
2020-05-21,1590019200000,DC,11001,237.0,7788.0,5.0,412.0,1103.5084711420066,58.377695186248935,33.58134407558495,0.7084671745903998,73
2020-05-22,1590105600000,DC,11001,105.0,7893.0,6.0,418.0,1118.3862818084049,59.227855795757414,14.877810666398394,0.8501606095084796,74
2020-05-23,1590192000000,DC,11001,73.0,7966.0,9.0,427.0,1128.7299025574248,60.50309671002014,10.343620749019836,1.2752409142627195,75
2020-05-24,1590278400000,DC,11001,144.0,8110.0,5.0,432.0,1149.1337571856284,61.211563884610534,20.40385462820351,0.7084671745903998,76
2020-05-25,1590364800000,DC,11001,115.0,8225.0,8.0,440.0,1165.4285022012075,62.345111363955176,16.294745015579196,1.1335474793446394,77
2020-05-26,1590451200000,DC,11001,109.0,8334.0,0.0,440.0,1180.8730866072783,62.345111363955176,15.444584406070714,0.0,78
2020-05-27,1590537600000,DC,11001,72.0,8406.0,5.0,445.0,1191.0750139213799,63.05357853854558,10.201927314101756,0.7084671745903998,79
2020-05-28,1590624000000,DC,11001,86.0,8492.0,8.0,453.0,1203.2606493243347,64.18712601789021,12.185635402954876,1.1335474793446394,80
2020-05-29,1590710400000,DC,11001,46.0,8538.0,7.0,460.0,1209.7785473305664,65.17898006231678,6.517898006231677,0.9918540444265596,81
2020-05-30,1590796800000,DC,11001,179.0,8717.0,2.0,462.0,1235.1416721809028,65.46236693215293,25.363124850336312,0.28338686983615985,82
2020-05-31,1590883200000,DC,11001,84.0,8801.0,4.0,466.0,1247.0439207140216,66.02914067182525,11.902248533118714,0.5667737396723197,83
2020-06-01,1590969600000,DC,11001,56.0,8857.0,2.0,468.0,1254.978753069434,66.31252754166141,7.9348323554124764,0.28338686983615985,84
2020-06-02,1591056000000,DC,11001,29.0,8886.0,2.0,470.0,1259.0878626820584,66.59591441149757,4.1091096126243185,0.28338686983615985,85
2020-06-03,1591142400000,DC,11001,130.0,9016.0,3.0,473.0,1277.5080092214089,67.0209947162518,18.42014653935039,0.4250803047542398,86
2020-06-04,1591228800000,DC,11001,104.0,9120.0,2.0,475.0,1292.244126452889,67.30438158608797,14.736117231480314,0.28338686983615985,87
2020-06-05,1591315200000,DC,11001,79.0,9199.0,4.0,479.0,1303.4379078114173,67.8711553257603,11.193781358528316,0.5667737396723197,88
2020-06-06,1591401600000,DC,11001,70.0,9269.0,4.0,483.0,1313.356448255683,68.43792906543261,9.918540444265595,0.5667737396723197,89
2020-06-07,1591488000000,DC,11001,63.0,9332.0,6.0,489.0,1322.283134655522,69.28808967494109,8.926686399839037,0.8501606095084796,90
2020-06-08,1591574400000,DC,11001,57.0,9389.0,2.0,491.0,1330.3596604458526,69.57147654477725,8.076525790330557,0.28338686983615985,91
2020-06-09,1591660800000,DC,11001,85.0,9474.0,4.0,495.0,1342.4036024138895,70.13825028444957,12.043941968036794,0.5667737396723197,92
2020-06-10,1591747200000,DC,11001,63.0,9537.0,4.0,499.0,1351.3302888137284,70.7050240241219,8.926686399839037,0.5667737396723197,93
2020-06-11,1591833600000,DC,11001,52.0,9589.0,3.0,502.0,1358.6983474294686,71.13010432887613,7.368058615740157,0.4250803047542398,94
2020-06-12,1591920000000,DC,11001,65.0,9654.0,4.0,506.0,1367.9084206991438,71.69687806854844,9.210073269675195,0.5667737396723197,95
2020-06-13,1592006400000,DC,11001,55.0,9709.0,5.0,511.0,1375.7015596196381,72.40534524313885,7.793138920494397,0.7084671745903998,96
2020-06-14,1592092800000,DC,11001,58.0,9767.0,4.0,515.0,1383.9197788448869,72.97211898281117,8.218219225248637,0.5667737396723197,97
2020-06-15,1592179200000,DC,11001,32.0,9799.0,0.0,515.0,1388.4539687622653,72.97211898281117,4.534189917378558,0.0,98
2020-06-16,1592265600000,DC,11001,19.0,9818.0,5.0,520.0,1391.146144025709,73.68058615740156,2.6921752634435188,0.7084671745903998,99
2020-06-17,1592352000000,DC,11001,29.0,9847.0,3.0,523.0,1395.2552536383332,74.10566646215581,4.1091096126243185,0.4250803047542398,100
2020-06-18,1592438400000,DC,11001,56.0,9903.0,4.0,527.0,1403.1900859937457,74.67244020182814,7.9348323554124764,0.5667737396723197,101
2020-06-19,1592524800000,DC,11001,49.0,9952.0,3.0,530.0,1410.1330643047315,75.09752050658237,6.942978310985917,0.4250803047542398,102
2020-06-20,1592611200000,DC,11001,32.0,9984.0,1.0,531.0,1414.6672542221102,75.23921394150044,4.534189917378558,0.14169343491807992,103
2020-06-21,1592697600000,DC,11001,36.0,10020.0,2.0,533.0,1419.768217879161,75.52260081133662,5.100963657050878,0.28338686983615985,104
2020-06-22,1592784000000,DC,11001,38.0,10058.0,2.0,535.0,1425.1525684060482,75.80598768117277,5.3843505268870375,0.28338686983615985,105
2020-06-23,1592870400000,DC,11001,36.0,10094.0,2.0,537.0,1430.2535320630989,76.08937455100893,5.100963657050878,0.28338686983615985,106
2020-06-24,1592956800000,DC,11001,34.0,10128.0,4.0,541.0,1435.0711088503135,76.65614829068124,4.817576787214718,0.5667737396723197,107
2020-06-25,1593043200000,DC,11001,31.0,10159.0,2.0,543.0,1439.463605332774,76.93953516051741,4.392496482460478,0.28338686983615985,108
2020-06-26,1593129600000,DC,11001,26.0,10185.0,3.0,546.0,1443.1476346406441,77.36461546527164,3.6840293078700785,0.4250803047542398,109
2020-06-27,1593216000000,DC,11001,31.0,10216.0,2.0,548.0,1447.5401311231046,77.6480023351078,4.392496482460478,0.28338686983615985,110
2020-06-28,1593302400000,DC,11001,32.0,10248.0,2.0,550.0,1452.0743210404833,77.93138920494397,4.534189917378558,0.28338686983615985,111
2020-06-29,1593388800000,DC,11001,44.0,10292.0,1.0,551.0,1458.3088321768787,78.07308263986204,6.234511136395517,0.14169343491807992,112
2020-06-30,1593475200000,DC,11001,35.0,10327.0,0.0,551.0,1463.2681023990115,78.07308263986204,4.959270222132798,0.0,113
2020-07-01,1593561600000,DC,11001,38.0,10365.0,2.0,553.0,1468.6524529258984,78.35646950969821,5.3843505268870375,0.28338686983615985,114
2020-07-02,1593648000000,DC,11001,25.0,10390.0,1.0,554.0,1472.1947887988506,78.49816294461628,3.5423358729519983,0.14169343491807992,115
2020-07-03,1593734400000,DC,11001,45.0,10435.0,1.0,555.0,1478.5709933701642,78.63985637953436,6.376204571313597,0.14169343491807992,116
2020-07-04,1593820800000,DC,11001,12.0,10447.0,2.0,557.0,1480.2713145891812,78.92324324937053,1.7003212190169592,0.28338686983615985,117
2020-07-05,1593907200000,DC,11001,35.0,10482.0,2.0,559.0,1485.230584811314,79.20663011920668,4.959270222132798,0.28338686983615985,118
2020-07-06,1593993600000,DC,11001,33.0,10515.0,2.0,561.0,1489.9064681636105,79.49001698904286,4.675883352296638,0.28338686983615985,119
2020-07-07,1594080000000,DC,11001,54.0,10569.0,0.0,561.0,1497.557913649187,79.49001698904286,7.651445485576317,0.0,120
2020-07-08,1594166400000,DC,11001,73.0,10642.0,3.0,564.0,1507.9015343982069,79.91509729379709,10.343620749019836,0.4250803047542398,121
2020-07-09,1594252800000,DC,11001,37.0,10679.0,4.0,568.0,1513.1441914901757,80.4818710334694,5.242657091968958,0.5667737396723197,122
2020-07-10,1594339200000,DC,11001,64.0,10743.0,0.0,568.0,1522.2125713249327,80.4818710334694,9.068379834757115,0.0,123
2020-07-11,1594425600000,DC,11001,58.0,10801.0,0.0,568.0,1530.4307905501814,80.4818710334694,8.218219225248637,0.0,124
2020-07-12,1594512000000,DC,11001,46.0,10847.0,0.0,568.0,1536.9486885564131,80.4818710334694,6.517898006231677,0.0,125
2020-07-13,1594598400000,DC,11001,59.0,10906.0,0.0,568.0,1545.30860121658,80.4818710334694,8.359912660166716,0.0,126
2020-07-14,1594684800000,DC,11001,40.0,10946.0,0.0,568.0,1550.9763386133031,80.4818710334694,5.667737396723198,0.0,127
2020-07-15,1594771200000,DC,11001,80.0,11026.0,3.0,571.0,1562.3118134067495,80.90695133822365,11.335474793446396,0.4250803047542398,128
2020-07-16,1594857600000,DC,11001,50.0,11076.0,3.0,574.0,1569.3964851526534,81.33203164297788,7.0846717459039965,0.4250803047542398,129
2020-07-17,1594944000000,DC,11001,39.0,11115.0,3.0,577.0,1574.9225291144587,81.75711194773213,5.526043961805118,0.4250803047542398,130
2020-07-18,1595030400000,DC,11001,79.0,11194.0,1.0,578.0,1586.116310472987,81.89880538265021,11.193781358528316,0.14169343491807992,131
2020-07-19,1595116800000,DC,11001,67.0,11261.0,0.0,578.0,1595.6097706124983,81.89880538265021,9.493460139511356,0.0,132
2020-07-20,1595203200000,DC,11001,78.0,11339.0,1.0,579.0,1606.6618585361084,82.04049881756828,11.052087923610236,0.14169343491807992,133
2020-07-21,1595289600000,DC,11001,88.0,11427.0,1.0,580.0,1619.1308808088997,82.18219225248636,12.469022272791033,0.14169343491807992,134
2020-07-22,1595376000000,DC,11001,102.0,11529.0,0.0,580.0,1633.5836111705437,82.18219225248636,14.452730361644154,0.0,135
2020-07-23,1595462400000,DC,11001,42.0,11571.0,1.0,581.0,1639.534735437103,82.32388568740446,5.951124266559357,0.14169343491807992,136
2020-07-24,1595548800000,DC,11001,78.0,11649.0,0.0,581.0,1650.5868233607134,82.32388568740446,11.052087923610236,0.0,137
2020-07-25,1595635200000,DC,11001,68.0,11717.0,0.0,581.0,1660.2219769351427,82.32388568740446,9.635153574429436,0.0,138
2020-07-26,1595721600000,DC,11001,63.0,11780.0,0.0,581.0,1669.1486633349816,82.32388568740446,8.926686399839037,0.0,139
2020-07-27,1595808000000,DC,11001,78.0,11858.0,1.0,582.0,1680.200751258592,82.46557912232252,11.052087923610236,0.14169343491807992,140
2020-07-28,1595894400000,DC,11001,87.0,11945.0,1.0,583.0,1692.528080096465,82.6072725572406,12.327328837872956,0.14169343491807992,141
2020-07-29,1595980800000,DC,11001,54.0,11999.0,1.0,584.0,1700.1795255820414,82.74896599215869,7.651445485576317,0.14169343491807992,142
2020-07-30,1596067200000,DC,11001,58.0,12057.0,0.0,584.0,1708.3977448072899,82.74896599215869,8.218219225248637,0.0,143
2020-07-31,1596153600000,DC,11001,69.0,12126.0,1.0,585.0,1718.1745918166375,82.89065942707676,9.776847009347517,0.14169343491807992,144
2020-08-01,1596240000000,DC,11001,79.0,12205.0,0.0,585.0,1729.3683731751657,82.89065942707676,11.193781358528316,0.0,145
2020-08-02,1596326400000,DC,11001,69.0,12274.0,1.0,586.0,1739.1452201845132,83.03235286199485,9.776847009347517,0.14169343491807992,146
2020-08-03,1596412800000,DC,11001,39.0,12313.0,0.0,586.0,1744.6712641463184,83.03235286199485,5.526043961805118,0.0,147
2020-08-04,1596499200000,DC,11001,85.0,12398.0,1.0,587.0,1756.7152061143552,83.17404629691292,12.043941968036794,0.14169343491807992,148
2020-08-05,1596585600000,DC,11001,45.0,12443.0,0.0,587.0,1763.0914106856687,83.17404629691292,6.376204571313597,0.0,149
2020-08-06,1596672000000,DC,11001,75.0,12518.0,0.0,587.0,1773.718418304525,83.17404629691292,10.627007618855997,0.0,150
2020-08-07,1596758400000,DC,11001,71.0,12589.0,2.0,589.0,1783.7786521837086,83.45743316674908,10.060233879183675,0.28338686983615985,151
2020-08-08,1596844800000,DC,11001,64.0,12653.0,1.0,590.0,1792.8470320184656,83.59912660166717,9.068379834757115,0.14169343491807992,152
2020-08-09,1596931200000,DC,11001,100.0,12753.0,1.0,591.0,1807.0163755102733,83.74082003658525,14.169343491807993,0.14169343491807992,153
2020-08-10,1597017600000,DC,11001,54.0,12807.0,0.0,591.0,1814.6678209958498,83.74082003658525,7.651445485576317,0.0,154
2020-08-11,1597104000000,DC,11001,89.0,12896.0,2.0,593.0,1827.278536703559,84.0242069064214,12.610715707709113,0.28338686983615985,155
2020-08-12,1597190400000,DC,11001,63.0,12959.0,0.0,593.0,1836.205223103398,84.0242069064214,8.926686399839037,0.0,156
2020-08-13,1597276800000,DC,11001,65.0,13024.0,1.0,594.0,1845.4152963730733,84.16590034133948,9.210073269675195,0.14169343491807992,157
2020-08-14,1597363200000,DC,11001,94.0,13118.0,0.0,594.0,1858.7344792553727,84.16590034133948,13.319182882299513,0.0,158
2020-08-15,1597449600000,DC,11001,41.0,13159.0,3.0,597.0,1864.5439100870137,84.59098064609373,5.8094308316412775,0.4250803047542398,159
2020-08-16,1597536000000,DC,11001,61.0,13220.0,0.0,597.0,1873.1872096170168,84.59098064609373,8.643299530002878,0.0,160
2020-08-17,1597622400000,DC,11001,53.0,13273.0,0.0,597.0,1880.6969616676752,84.59098064609373,7.5097520506582365,0.0,161
2020-08-18,1597708800000,DC,11001,52.0,13325.0,2.0,599.0,1888.0650202834152,84.87436751592988,7.368058615740157,0.28338686983615985,162
2020-08-19,1597795200000,DC,11001,29.0,13354.0,1.0,600.0,1892.1741298960396,85.01606095084797,4.1091096126243185,0.14169343491807992,163
2020-08-20,1597881600000,DC,11001,55.0,13409.0,1.0,601.0,1899.967268816534,85.15775438576604,7.793138920494397,0.14169343491807992,164
2020-08-21,1597968000000,DC,11001,60.0,13469.0,1.0,602.0,1908.4688749116187,85.29944782068412,8.501606095084796,0.14169343491807992,165
2020-08-22,1598054400000,DC,11001,65.0,13534.0,2.0,604.0,1917.678948181294,85.58283469052029,9.210073269675195,0.28338686983615985,166
2020-08-23,1598140800000,DC,11001,56.0,13590.0,0.0,604.0,1925.6137805367064,85.58283469052029,7.9348323554124764,0.0,167
2020-08-24,1598227200000,DC,11001,49.0,13639.0,0.0,604.0,1932.5567588476922,85.58283469052029,6.942978310985917,0.0,168
2020-08-25,1598313600000,DC,11001,45.0,13684.0,0.0,604.0,1938.9329634190058,85.58283469052029,6.376204571313597,0.0,169
2020-08-26,1598400000000,DC,11001,0.0,13684.0,1.0,605.0,1938.9329634190058,85.72452812543837,0.0,0.14169343491807992,170
2020-08-27,1598486400000,DC,11001,110.0,13794.0,0.0,605.0,1954.5192412599947,85.72452812543837,15.586277840988794,0.0,171
2020-08-28,1598572800000,DC,11001,57.0,13851.0,0.0,605.0,1962.5957670503253,85.72452812543837,8.076525790330557,0.0,172
2020-08-29,1598659200000,DC,11001,74.0,13925.0,0.0,605.0,1973.0810812342631,85.72452812543837,10.485314183937916,0.0,173
2020-08-30,1598745600000,DC,11001,34.0,13959.0,1.0,606.0,1977.8986580214778,85.86622156035645,4.817576787214718,0.14169343491807992,174
2020-08-31,1598832000000,DC,11001,33.0,13992.0,1.0,607.0,1982.5745413737745,86.00791499527452,4.675883352296638,0.14169343491807992,175
2020-09-01,1598918400000,DC,11001,57.0,14049.0,0.0,607.0,1990.6510671641051,86.00791499527452,8.076525790330557,0.0,176
2020-09-02,1599004800000,DC,11001,28.0,14077.0,1.0,608.0,1994.6184833418115,86.1496084301926,3.9674161777062382,0.14169343491807992,177
2020-09-03,1599091200000,DC,11001,58.0,14135.0,1.0,609.0,2002.83670256706,86.29130186511068,8.218219225248637,0.14169343491807992,178
2020-09-04,1599177600000,DC,11001,51.0,14186.0,2.0,611.0,2010.063067747882,86.57468873494685,7.226365180822077,0.28338686983615985,179
2020-09-05,1599264000000,DC,11001,52.0,14238.0,0.0,611.0,2017.431126363622,86.57468873494685,7.368058615740157,0.0,180
2020-09-06,1599350400000,DC,11001,41.0,14279.0,0.0,611.0,2023.2405571952634,86.57468873494685,5.8094308316412775,0.0,181
2020-09-07,1599436800000,DC,11001,36.0,14315.0,0.0,611.0,2028.3415208523143,86.57468873494685,5.100963657050878,0.0,182
2020-09-08,1599523200000,DC,11001,47.0,14362.0,0.0,611.0,2035.0011122934638,86.57468873494685,6.6595914411497565,0.0,183
2020-09-09,1599609600000,DC,11001,25.0,14387.0,4.0,615.0,2038.543448166416,87.14146247461916,3.5423358729519983,0.5667737396723197,184
2020-09-10,1599696000000,DC,11001,25.0,14412.0,1.0,616.0,2042.0857840393683,87.28315590953724,3.5423358729519983,0.14169343491807992,185
2020-09-11,1599782400000,DC,11001,81.0,14493.0,0.0,616.0,2053.5629522677323,87.28315590953724,11.477168228364475,0.0,186
2020-09-12,1599868800000,DC,11001,0.0,14493.0,0.0,616.0,2053.5629522677323,87.28315590953724,0.0,0.0,187
2020-09-13,1599955200000,DC,11001,99.0,14592.0,0.0,616.0,2067.5906023246225,87.28315590953724,14.027650056889915,0.0,188
2020-09-14,1600041600000,DC,11001,30.0,14622.0,0.0,616.0,2071.841405372165,87.28315590953724,4.250803047542398,0.0,189
2020-09-15,1600128000000,DC,11001,65.0,14687.0,0.0,616.0,2081.0514786418403,87.28315590953724,9.210073269675195,0.0,190
2020-09-16,1600214400000,DC,11001,56.0,14743.0,1.0,617.0,2088.9863109972525,87.42484934445532,7.9348323554124764,0.14169343491807992,191
2020-09-17,1600300800000,DC,11001,47.0,14790.0,2.0,619.0,2095.645902438402,87.70823621429147,6.6595914411497565,0.28338686983615985,192
2020-09-18,1600387200000,DC,11001,62.0,14852.0,0.0,619.0,2104.430895403323,87.70823621429147,8.784992964920956,0.0,193
2020-09-19,1600473600000,DC,11001,50.0,14902.0,0.0,619.0,2111.515567149227,87.70823621429147,7.0846717459039965,0.0,194
2020-09-20,1600560000000,DC,11001,53.0,14955.0,1.0,620.0,2119.0253191998854,87.84992964920957,7.5097520506582365,0.14169343491807992,195
2020-09-21,1600646400000,DC,11001,23.0,14978.0,1.0,621.0,2122.2842682030014,87.99162308412764,3.2589490031158386,0.14169343491807992,196
2020-09-22,1600732800000,DC,11001,43.0,15021.0,0.0,621.0,2128.377085904479,87.99162308412764,6.092817701477438,0.0,197
2020-09-23,1600819200000,DC,11001,29.0,15050.0,0.0,621.0,2132.486195517103,87.99162308412764,4.1091096126243185,0.0,198
2020-09-24,1600905600000,DC,11001,56.0,15106.0,0.0,621.0,2140.421027872516,87.99162308412764,7.9348323554124764,0.0,199
2020-09-25,1600992000000,DC,11001,57.0,15163.0,2.0,623.0,2148.4975536628463,88.2750099539638,8.076525790330557,0.28338686983615985,200
2020-09-26,1601078400000,DC,11001,52.0,15215.0,1.0,624.0,2155.8656122785865,88.41670338888188,7.368058615740157,0.14169343491807992,201
2020-09-27,1601164800000,DC,11001,35.0,15250.0,0.0,624.0,2160.824882500719,88.41670338888188,4.959270222132798,0.0,202
2020-09-28,1601251200000,DC,11001,14.0,15264.0,0.0,624.0,2162.8085905895723,88.41670338888188,1.9837080888531191,0.0,203
2020-09-29,1601337600000,DC,11001,36.0,15300.0,2.0,626.0,2167.909554246623,88.70009025871805,5.100963657050878,0.28338686983615985,204
2020-09-30,1601424000000,DC,11001,26.0,15326.0,1.0,627.0,2171.593583554493,88.84178369363612,3.6840293078700785,0.14169343491807992,205
2020-10-01,1601510400000,DC,11001,32.0,15358.0,1.0,628.0,2176.127773471872,88.9834771285542,4.534189917378558,0.14169343491807992,206
2020-10-02,1601596800000,DC,11001,65.0,15423.0,1.0,629.0,2185.337846741547,89.12517056347228,9.210073269675195,0.14169343491807992,207
2020-10-03,1601683200000,DC,11001,50.0,15473.0,0.0,629.0,2192.422518487451,89.12517056347228,7.0846717459039965,0.0,208
2020-10-04,1601769600000,DC,11001,46.0,15519.0,2.0,631.0,2198.9404164936827,89.40855743330845,6.517898006231677,0.28338686983615985,209
2020-10-05,1601856000000,DC,11001,28.0,15547.0,0.0,631.0,2202.907832671389,89.40855743330845,3.9674161777062382,0.0,210
2020-10-06,1601942400000,DC,11001,105.0,15652.0,0.0,631.0,2217.785643337787,89.40855743330845,14.877810666398394,0.0,211
2020-10-07,1602028800000,DC,11001,0.0,15652.0,0.0,631.0,2217.785643337787,89.40855743330845,0.0,0.0,212
2020-10-08,1602115200000,DC,11001,113.0,15765.0,3.0,634.0,2233.79700148353,89.83363773806269,16.01135814574303,0.4250803047542398,213
2020-10-09,1602201600000,DC,11001,78.0,15843.0,0.0,634.0,2244.8490894071406,89.83363773806269,11.052087923610236,0.0,214
2020-10-10,1602288000000,DC,11001,75.0,15918.0,2.0,636.0,2255.4760970259968,90.11702460789884,10.627007618855997,0.28338686983615985,215
2020-10-11,1602374400000,DC,11001,66.0,15984.0,1.0,637.0,2264.82786373059,90.25871804281692,9.351766704593276,0.14169343491807992,216
2020-10-12,1602460800000,DC,11001,38.0,16022.0,0.0,637.0,2270.212214257477,90.25871804281692,5.3843505268870375,0.0,217
2020-10-13,1602547200000,DC,11001,46.0,16068.0,0.0,637.0,2276.7301122637086,90.25871804281692,6.517898006231677,0.0,218
2020-10-14,1602633600000,DC,11001,64.0,16132.0,1.0,638.0,2285.7984920984654,90.40041147773499,9.068379834757115,0.14169343491807992,219
2020-10-15,1602720000000,DC,11001,34.0,16166.0,0.0,638.0,2290.6160688856803,90.40041147773499,4.817576787214718,0.0,220
2020-10-16,1602806400000,DC,11001,89.0,16255.0,3.0,641.0,2303.2267845933893,90.82549178248924,12.610715707709113,0.4250803047542398,221
2020-10-17,1602892800000,DC,11001,79.0,16334.0,0.0,641.0,2314.4205659519175,90.82549178248924,11.193781358528316,0.0,222
2020-10-18,1602979200000,DC,11001,36.0,16370.0,0.0,641.0,2319.5215296089686,90.82549178248924,5.100963657050878,0.0,223
2020-10-19,1603065600000,DC,11001,25.0,16395.0,0.0,641.0,2323.063865481921,90.82549178248924,3.5423358729519983,0.0,224
2020-10-20,1603152000000,DC,11001,50.0,16445.0,1.0,642.0,2330.148537227825,90.96718521740732,7.0846717459039965,0.14169343491807992,225
2020-10-21,1603238400000,DC,11001,53.0,16498.0,0.0,642.0,2337.6582892784827,90.96718521740732,7.5097520506582365,0.0,226
2020-10-22,1603324800000,DC,11001,39.0,16537.0,0.0,642.0,2343.184333240288,90.96718521740732,5.526043961805118,0.0,227
2020-10-23,1603411200000,DC,11001,72.0,16609.0,0.0,642.0,2353.38626055439,90.96718521740732,10.201927314101756,0.0,228
2020-10-24,1603497600000,DC,11001,97.0,16706.0,0.0,642.0,2367.1305237414435,90.96718521740732,13.744263187053754,0.0,229
2020-10-25,1603584000000,DC,11001,61.0,16767.0,0.0,642.0,2375.7738232714464,90.96718521740732,8.643299530002878,0.0,230
2020-10-26,1603670400000,DC,11001,45.0,16812.0,0.0,642.0,2382.1500278427598,90.96718521740732,6.376204571313597,0.0,231
2020-10-27,1603756800000,DC,11001,94.0,16906.0,2.0,644.0,2395.4692107250594,91.25057208724348,13.319182882299513,0.28338686983615985,232
2020-10-28,1603843200000,DC,11001,67.0,16973.0,0.0,644.0,2404.962670864571,91.25057208724348,9.493460139511356,0.0,233
2020-10-29,1603929600000,DC,11001,101.0,17074.0,1.0,645.0,2419.273707791297,91.39226552216157,14.311036926726073,0.14169343491807992,234
2020-10-30,1604016000000,DC,11001,70.0,17144.0,1.0,646.0,2429.1922482355626,91.53395895707965,9.918540444265595,0.14169343491807992,235
2020-10-31,1604102400000,DC,11001,122.0,17266.0,0.0,646.0,2446.4788472955684,91.53395895707965,17.286599060005756,0.0,236
2020-11-01,1604188800000,DC,11001,103.0,17369.0,0.0,646.0,2461.07327109213,91.53395895707965,14.594423796562234,0.0,237
2020-11-02,1604275200000,DC,11001,69.0,17438.0,1.0,647.0,2470.850118101478,91.67565239199772,9.776847009347517,0.14169343491807992,238
2020-11-03,1604361600000,DC,11001,86.0,17524.0,0.0,647.0,2483.0357535044327,91.67565239199772,12.185635402954876,0.0,239
2020-11-04,1604448000000,DC,11001,77.0,17601.0,0.0,647.0,2493.946147993125,91.67565239199772,10.910394488692155,0.0,240
2020-11-05,1604534400000,DC,11001,81.0,17682.0,3.0,650.0,2505.4233162214896,92.10073269675196,11.477168228364475,0.4250803047542398,241
2020-11-06,1604620800000,DC,11001,110.0,17792.0,2.0,652.0,2521.0095940624783,92.38411956658811,15.586277840988794,0.28338686983615985,242
2020-11-07,1604707200000,DC,11001,99.0,17891.0,2.0,654.0,2535.037244119368,92.66750643642429,14.027650056889915,0.28338686983615985,243
2020-11-08,1604793600000,DC,11001,110.0,18001.0,0.0,654.0,2550.623521960357,92.66750643642429,15.586277840988794,0.0,244
2020-11-09,1604880000000,DC,11001,86.0,18087.0,1.0,655.0,2562.809157363312,92.80919987134236,12.185635402954876,0.14169343491807992,245
2020-11-10,1604966400000,DC,11001,86.0,18173.0,2.0,657.0,2574.994792766267,93.09258674117852,12.185635402954876,0.28338686983615985,246
2020-11-11,1605052800000,DC,11001,206.0,18379.0,0.0,657.0,2604.1836403593916,93.09258674117852,29.188847593124468,0.0,247
2020-11-12,1605139200000,DC,11001,128.0,18507.0,0.0,657.0,2622.320400028905,93.09258674117852,18.13675966951423,0.0,248
2020-11-13,1605225600000,DC,11001,159.0,18666.0,0.0,657.0,2644.84965618088,93.09258674117852,22.52925615197471,0.0,249
2020-11-14,1605312000000,DC,11001,148.0,18814.0,1.0,658.0,2665.8202845487563,93.2342801760966,20.970628367875833,0.14169343491807992,250
2020-11-15,1605398400000,DC,11001,163.0,18977.0,2.0,660.0,2688.9163144404033,93.51766704593277,23.096029891647028,0.28338686983615985,251
2020-11-16,1605484800000,DC,11001,87.0,19064.0,0.0,660.0,2701.2436432782756,93.51766704593277,12.327328837872956,0.0,252
2020-11-17,1605571200000,DC,11001,245.0,19309.0,0.0,660.0,2735.9585348332057,93.51766704593277,34.71489155492959,0.0,253
2020-11-18,1605657600000,DC,11001,156.0,19465.0,5.0,665.0,2758.062710680426,94.22613422052316,22.10417584722047,0.7084671745903998,254
2020-11-19,1605744000000,DC,11001,213.0,19678.0,2.0,667.0,2788.243412317977,94.50952109035931,30.180701637551028,0.28338686983615985,255
2020-11-20,1605830400000,DC,11001,130.0,19808.0,2.0,669.0,2806.663558857327,94.79290796019548,18.42014653935039,0.28338686983615985,256
2020-11-21,1605916800000,DC,11001,153.0,19961.0,1.0,670.0,2828.342654399794,94.93460139511356,21.679095542466232,0.14169343491807992,257
2020-11-22,1606003200000,DC,11001,190.0,20151.0,0.0,670.0,2855.264407034229,94.93460139511356,26.921752634435187,0.0,258
2020-11-23,1606089600000,DC,11001,139.0,20290.0,2.0,672.0,2874.959794487842,95.21798826494971,19.69538745361311,0.28338686983615985,259
2020-11-24,1606176000000,DC,11001,119.0,20409.0,1.0,673.0,2891.8213132430938,95.3596816998678,16.861518755251513,0.14169343491807992,260
2020-11-25,1606262400000,DC,11001,107.0,20516.0,4.0,677.0,2906.982510779328,95.92645543954012,15.161197536234553,0.5667737396723197,261
2020-11-26,1606348800000,DC,11001,220.0,20736.0,0.0,677.0,2938.1550664613055,95.92645543954012,31.172555681977588,0.0,262
2020-11-27,1606435200000,DC,11001,201.0,20937.0,0.0,677.0,2966.63544687984,95.92645543954012,28.480380418534068,0.0,263
2020-11-28,1606521600000,DC,11001,371.0,21308.0,1.0,678.0,3019.2037112344474,96.0681488744582,52.568264354607656,0.14169343491807992,264
2020-11-29,1606608000000,DC,11001,140.0,21448.0,2.0,680.0,3039.0407921229785,96.35153574429435,19.83708088853119,0.28338686983615985,265
2020-11-30,1606694400000,DC,11001,104.0,21552.0,0.0,680.0,3053.776909354459,96.35153574429435,14.736117231480314,0.0,266
2020-12-01,1606780800000,DC,11001,133.0,21685.0,5.0,685.0,3072.6221361985636,97.06000291888476,18.845226844104634,0.7084671745903998,267
2020-12-02,1606867200000,DC,11001,157.0,21842.0,5.0,690.0,3094.868005480702,97.76847009347516,22.24586928213855,0.7084671745903998,268
2020-12-03,1606953600000,DC,11001,322.0,22164.0,2.0,692.0,3140.493291524324,98.05185696331131,45.62528604362174,0.28338686983615985,269
2020-12-04,1607040000000,DC,11001,316.0,22480.0,1.0,693.0,3185.2684169584372,98.1935503982294,44.775125434113264,0.14169343491807992,270
2020-12-05,1607126400000,DC,11001,392.0,22872.0,2.0,695.0,3240.812243446324,98.47693726806556,55.54382648788734,0.28338686983615985,271
2020-12-06,1607212800000,DC,11001,264.0,23136.0,2.0,697.0,3278.2193102646975,98.76032413790172,37.4070668183731,0.28338686983615985,272
2020-12-07,1607299200000,DC,11001,183.0,23319.0,4.0,701.0,3304.1492088547066,99.32709787757405,25.929898590008627,0.5667737396723197,273
2020-12-08,1607385600000,DC,11001,270.0,23589.0,0.0,701.0,3342.4064362825875,99.32709787757405,38.25722742788158,0.0,274
2020-12-09,1607472000000,DC,11001,265.0,23854.0,3.0,704.0,3379.955196535879,99.75217818232827,37.548760253291185,0.4250803047542398,275
2020-12-10,1607558400000,DC,11001,244.0,24098.0,4.0,708.0,3414.5283946558907,100.3189519220006,34.57319812001151,0.5667737396723197,276
2020-12-11,1607644800000,DC,11001,259.0,24357.0,1.0,709.0,3451.2269942996736,100.46064535691869,36.69859964378271,0.14169343491807992,277
2020-12-12,1607731200000,DC,11001,286.0,24643.0,4.0,713.0,3491.7513166862436,101.027419096591,40.524322386570866,0.5667737396723197,278
2020-12-13,1607817600000,DC,11001,231.0,24874.0,2.0,715.0,3524.4825001523204,101.31080596642715,32.731183466076466,0.28338686983615985,279
2020-12-14,1607904000000,DC,11001,164.0,25038.0,1.0,716.0,3547.7202234788856,101.45249940134525,23.23772332656511,0.14169343491807992,280
2020-12-15,1607990400000,DC,11001,301.0,25339.0,4.0,720.0,3590.3699473892275,102.01927314101755,42.64972391034206,0.5667737396723197,281
2020-12-16,1608076800000,DC,11001,263.0,25602.0,0.0,720.0,3627.6353207726825,102.01927314101755,37.26537338345502,0.0,282
2020-12-17,1608163200000,DC,11001,228.0,25830.0,5.0,725.0,3659.9414239340053,102.72774031560796,32.30610316132223,0.7084671745903998,283
2020-12-18,1608249600000,DC,11001,274.0,26104.0,3.0,728.0,3698.7654251015583,103.15282062036219,38.8240011675539,0.4250803047542398,284
2020-12-19,1608336000000,DC,11001,238.0,26342.0,2.0,730.0,3732.4884626120615,103.43620749019836,33.723037510503026,0.28338686983615985,285
2020-12-20,1608422400000,DC,11001,259.0,26601.0,7.0,737.0,3769.1870622558445,104.4280615346249,36.69859964378271,0.9918540444265596,286
2020-12-21,1608508800000,DC,11001,139.0,26740.0,5.0,742.0,3788.8824497094574,105.13652870921531,19.69538745361311,0.7084671745903998,287
2020-12-22,1608595200000,DC,11001,160.0,26900.0,2.0,744.0,3811.55339929635,105.41991557905149,22.670949586892792,0.28338686983615985,288
2020-12-23,1608681600000,DC,11001,326.0,27226.0,7.0,751.0,3857.745459079644,106.41176962347804,46.192059783294056,0.9918540444265596,289
2020-12-24,1608768000000,DC,11001,210.0,27436.0,5.0,756.0,3887.5010804124413,107.12023679806843,29.75562133279679,0.7084671745903998,290
2020-12-25,1608854400000,DC,11001,0.0,27436.0,0.0,756.0,3887.5010804124413,107.12023679806843,0.0,0.0,291
2020-12-26,1608940800000,DC,11001,274.0,27710.0,6.0,762.0,3926.3250815799956,107.97039740757691,38.8240011675539,0.8501606095084796,292
2020-12-27,1609027200000,DC,11001,492.0,28202.0,6.0,768.0,3996.0382515596907,108.82055801708539,69.71316997969532,0.8501606095084796,293
2020-12-28,1609113600000,DC,11001,140.0,28342.0,3.0,771.0,4015.875332448222,109.24563832183964,19.83708088853119,0.4250803047542398,294
2020-12-29,1609200000000,DC,11001,193.0,28535.0,4.0,775.0,4043.222165387411,109.81241206151195,27.346832939189426,0.5667737396723197,295
2020-12-30,1609286400000,DC,11001,223.0,28758.0,5.0,780.0,4074.819801374143,110.52087923610235,31.597635986731827,0.7084671745903998,296
2020-12-31,1609372800000,DC,11001,225.0,28983.0,6.0,786.0,4106.700824230711,111.37103984561084,31.881022856567988,0.8501606095084796,297
2021-01-01,1609459200000,DC,11001,269.0,29252.0,2.0,788.0,4144.816358223674,111.65442671544699,38.115533992963506,0.28338686983615985,298
2021-01-02,1609545600000,DC,11001,257.0,29509.0,4.0,792.0,4181.231570997621,112.22120045511932,36.41521277394654,0.5667737396723197,299
2021-01-03,1609632000000,DC,11001,255.0,29764.0,2.0,794.0,4217.363396901731,112.50458732495548,36.131825904110386,0.28338686983615985,300
2021-01-04,1609718400000,DC,11001,140.0,29904.0,3.0,797.0,4237.200477790262,112.92966762970973,19.83708088853119,0.4250803047542398,301
2021-01-05,1609804800000,DC,11001,262.0,30166.0,4.0,801.0,4274.324157738799,113.49644136938203,37.123679948536946,0.5667737396723197,302
2021-01-06,1609891200000,DC,11001,316.0,30482.0,5.0,806.0,4319.099283172913,114.20490854397244,44.775125434113264,0.7084671745903998,303
2021-01-07,1609977600000,DC,11001,268.0,30750.0,2.0,808.0,4357.073123730958,114.48829541380859,37.973840558045424,0.28338686983615985,304
2021-01-08,1610064000000,DC,11001,357.0,31107.0,1.0,809.0,4407.657679996712,114.62998884872668,50.58455626575454,0.14169343491807992,305
2021-01-09,1610150400000,DC,11001,350.0,31457.0,4.0,813.0,4457.250382218041,115.19676258839898,49.592702221327976,0.5667737396723197,306
2021-01-10,1610236800000,DC,11001,334.0,31791.0,4.0,817.0,4504.57598948068,115.76353632807132,47.325607262638705,0.5667737396723197,307
2021-01-11,1610323200000,DC,11001,202.0,31993.0,4.0,821.0,4533.198063334132,116.33031006774362,28.622073853452147,0.5667737396723197,308
2021-01-12,1610409600000,DC,11001,430.0,32423.0,4.0,825.0,4594.126240348905,116.89708380741594,60.92817701477438,0.5667737396723197,309
2021-01-13,1610496000000,DC,11001,177.0,32600.0,6.0,831.0,4619.205978329406,117.74724441692443,25.07973798050015,0.8501606095084796,310
2021-01-14,1610582400000,DC,11001,220.0,32820.0,11.0,842.0,4650.378534011384,119.30587220102332,31.172555681977588,1.5586277840988791,311
2021-01-15,1610668800000,DC,11001,320.0,33140.0,0.0,842.0,4695.720433185169,119.30587220102332,45.341899173785585,0.0,312
2021-01-16,1610755200000,DC,11001,397.0,33537.0,5.0,847.0,4751.972726847647,120.01433937561372,56.25229366247774,0.7084671745903998,313
2021-01-17,1610841600000,DC,11001,314.0,33851.0,3.0,850.0,4796.464465411924,120.43941968036796,44.4917385642771,0.4250803047542398,314
2021-01-18,1610928000000,DC,11001,182.0,34033.0,7.0,857.0,4822.252670567015,121.43127372479451,25.788205155090548,0.9918540444265596,315
2021-01-19,1611014400000,DC,11001,226.0,34259.0,4.0,861.0,4854.2753868585005,121.99804746446682,32.02271629148606,0.5667737396723197,316
2021-01-20,1611100800000,DC,11001,144.0,34403.0,2.0,863.0,4874.679241486704,122.28143433430299,20.40385462820351,0.28338686983615985,317
2021-01-21,1611187200000,DC,11001,209.0,34612.0,1.0,864.0,4904.293169384582,122.42312776922107,29.613927897878707,0.14169343491807992,318
2021-01-22,1611273600000,DC,11001,293.0,34905.0,3.0,867.0,4945.809345815581,122.84820807397531,41.516176430997426,0.4250803047542398,319
2021-01-23,1611360000000,DC,11001,172.0,35077.0,3.0,870.0,4970.18061662149,123.27328837872956,24.371270805909752,0.4250803047542398,320
2021-01-24,1611446400000,DC,11001,224.0,35301.0,2.0,872.0,5001.91994604314,123.55667524856571,31.739329421649906,0.28338686983615985,321
2021-01-25,1611532800000,DC,11001,204.0,35505.0,7.0,879.0,5030.825406766428,124.54852929299227,28.905460723288307,0.9918540444265596,322
2021-01-26,1611619200000,DC,11001,195.0,35700.0,9.0,888.0,5058.455626575454,125.82377020725498,27.630219809025586,1.2752409142627195,323
2021-01-27,1611705600000,DC,11001,165.0,35865.0,7.0,895.0,5081.835043336937,126.81562425168156,23.379416761483192,0.9918540444265596,324
2021-01-28,1611792000000,DC,11001,267.0,36132.0,7.0,902.0,5119.667190460064,127.80747829610812,37.83214712312734,0.9918540444265596,325
2021-01-29,1611878400000,DC,11001,282.0,36414.0,5.0,907.0,5159.624739106964,128.5159454706985,39.957548646898545,0.7084671745903998,326
2021-01-30,1611964800000,DC,11001,248.0,36662.0,2.0,909.0,5194.764710966647,128.79933234053468,35.139971859683826,0.28338686983615985,327
2021-01-31,1612051200000,DC,11001,210.0,36872.0,4.0,913.0,5224.520332299443,129.366106080207,29.75562133279679,0.5667737396723197,328
2021-02-01,1612137600000,DC,11001,136.0,37008.0,3.0,916.0,5243.7906394483025,129.7911863849612,19.270307148858873,0.4250803047542398,329
2021-02-02,1612224000000,DC,11001,0.0,37008.0,0.0,916.0,5243.7906394483025,129.7911863849612,0.0,0.0,330
2021-02-03,1612310400000,DC,11001,191.0,37199.0,10.0,926.0,5270.854085517656,131.20812073414203,27.06344606935327,1.4169343491807995,331
2021-02-04,1612396800000,DC,11001,166.0,37365.0,6.0,932.0,5294.375195714058,132.0582813436505,23.52111019640127,0.8501606095084796,332
2021-02-05,1612483200000,DC,11001,269.0,37634.0,8.0,940.0,5332.49072970702,133.19182882299515,38.115533992963506,1.1335474793446394,333
2021-02-06,1612569600000,DC,11001,243.0,37877.0,7.0,947.0,5366.922234392114,134.1836828674217,34.43150468509342,0.9918540444265596,334
2021-02-07,1612656000000,DC,11001,158.0,38035.0,5.0,952.0,5389.309797109171,134.8921500420121,22.387562717056632,0.7084671745903998,335
2021-02-08,1612742400000,DC,11001,101.0,38136.0,4.0,956.0,5403.620834035896,135.4589237816844,14.311036926726073,0.5667737396723197,336
2021-02-09,1612828800000,DC,11001,145.0,38281.0,5.0,961.0,5424.166382099018,136.1673909562748,20.54554806312159,0.7084671745903998,337
2021-02-10,1612915200000,DC,11001,67.0,38348.0,4.0,965.0,5433.65984223853,136.73416469594716,9.493460139511356,0.5667737396723197,338
2021-02-11,1613001600000,DC,11001,185.0,38533.0,8.0,973.0,5459.873127698374,137.86771217529179,26.213285459844787,1.1335474793446394,339
2021-02-12,1613088000000,DC,11001,137.0,38670.0,3.0,976.0,5479.285128282151,138.29279248004605,19.41200058377695,0.4250803047542398,340
2021-02-13,1613174400000,DC,11001,126.0,38796.0,3.0,979.0,5497.138501081829,138.71787278480025,17.853372799678073,0.4250803047542398,341
2021-02-14,1613260800000,DC,11001,122.0,38918.0,0.0,979.0,5514.425100141835,138.71787278480025,17.286599060005756,0.0,342
2021-02-15,1613347200000,DC,11001,83.0,39001.0,1.0,980.0,5526.185655240036,138.85956621971835,11.760555098200635,0.14169343491807992,343
2021-02-16,1613433600000,DC,11001,130.0,39131.0,2.0,982.0,5544.605801779387,139.1429530895545,18.42014653935039,0.28338686983615985,344
2021-02-17,1613520000000,DC,11001,49.0,39180.0,3.0,985.0,5551.548780090372,139.56803339430874,6.942978310985917,0.4250803047542398,345
2021-02-18,1613606400000,DC,11001,121.0,39301.0,7.0,992.0,5568.69368571546,140.5598874387353,17.144905625087674,0.9918540444265596,346
2021-02-19,1613692800000,DC,11001,160.0,39461.0,1.0,993.0,5591.364635302352,140.7015808736534,22.670949586892792,0.14169343491807992,347
2021-02-20,1613779200000,DC,11001,92.0,39553.0,1.0,994.0,5604.400431314816,140.84327430857147,13.035796012463354,0.14169343491807992,348
2021-02-21,1613865600000,DC,11001,95.0,39648.0,1.0,995.0,5617.8613076320335,140.98496774348953,13.460876317217593,0.14169343491807992,349
2021-02-22,1613952000000,DC,11001,107.0,39755.0,0.0,995.0,5633.022505168268,140.98496774348953,15.161197536234553,0.0,350
2021-02-23,1614038400000,DC,11001,89.0,39844.0,3.0,998.0,5645.633220875977,141.4100480482438,12.610715707709113,0.4250803047542398,351
2021-02-24,1614124800000,DC,11001,99.0,39943.0,3.0,1001.0,5659.6608709328675,141.83512835299803,14.027650056889915,0.4250803047542398,352
2021-02-25,1614211200000,DC,11001,179.0,40122.0,4.0,1005.0,5685.023995783204,142.40190209267035,25.363124850336312,0.5667737396723197,353
2021-02-26,1614297600000,DC,11001,162.0,40284.0,4.0,1009.0,5707.978332239933,142.96867583234265,22.95433645672895,0.5667737396723197,354
2021-02-27,1614384000000,DC,11001,194.0,40478.0,1.0,1010.0,5735.46685861404,143.11036926726075,27.488526374107508,0.14169343491807992,355
2021-02-28,1614470400000,DC,11001,120.0,40598.0,7.0,1017.0,5752.470070804209,144.10222331168728,17.00321219016959,0.9918540444265596,356
2021-03-01,1614556800000,DC,11001,86.0,40684.0,2.0,1019.0,5764.655706207164,144.38561018152345,12.185635402954876,0.28338686983615985,357
2021-03-02,1614643200000,DC,11001,83.0,40767.0,0.0,1019.0,5776.416261305365,144.38561018152345,11.760555098200635,0.0,358
2021-03-03,1614729600000,DC,11001,51.0,40818.0,4.0,1023.0,5783.6426264861875,144.95238392119577,7.226365180822077,0.5667737396723197,359
2021-03-04,1614816000000,DC,11001,196.0,41014.0,1.0,1024.0,5811.414539730131,145.09407735611384,27.77191324394367,0.14169343491807992,360
2021-03-05,1614902400000,DC,11001,108.0,41122.0,3.0,1027.0,5826.717430701283,145.5191576608681,15.302890971152634,0.4250803047542398,361
2021-03-06,1614988800000,DC,11001,151.0,41273.0,3.0,1030.0,5848.113139373913,145.94423796562234,21.39570867263007,0.4250803047542398,362
2021-03-07,1615075200000,DC,11001,146.0,41419.0,0.0,1030.0,5868.800380871953,145.94423796562234,20.687241498039672,0.0,363
2021-03-08,1615161600000,DC,11001,160.0,41579.0,5.0,1035.0,5891.471330458846,146.65270514021273,22.670949586892792,0.7084671745903998,364
2021-03-09,1615248000000,DC,11001,331.0,41910.0,1.0,1036.0,5938.371857416731,146.79439857513083,46.90052695788446,0.14169343491807992,365
2021-03-10,1615334400000,DC,11001,96.0,42006.0,1.0,1037.0,5951.974427168866,146.9360920100489,13.602569752135674,0.14169343491807992,366
2021-03-11,1615420800000,DC,11001,122.0,42128.0,1.0,1038.0,5969.261026228872,147.077785444967,17.286599060005756,0.14169343491807992,367
2021-03-12,1615507200000,DC,11001,154.0,42282.0,0.0,1038.0,5991.081815206257,147.077785444967,21.82078897738431,0.0,368
2021-03-13,1615593600000,DC,11001,150.0,42432.0,2.0,1040.0,6012.335830443968,147.36117231480313,21.254015237711993,0.28338686983615985,369
2021-03-14,1615680000000,DC,11001,79.0,42511.0,1.0,1041.0,6023.529611802496,147.50286574972122,11.193781358528316,0.14169343491807992,370
2021-03-15,1615766400000,DC,11001,112.0,42623.0,1.0,1042.0,6039.399276513322,147.6445591846393,15.869664710824953,0.14169343491807992,371
2021-03-16,1615852800000,DC,11001,107.0,42730.0,0.0,1042.0,6054.5604740495555,147.6445591846393,15.161197536234553,0.0,372
2021-03-17,1615939200000,DC,11001,81.0,42811.0,2.0,1044.0,6066.03764227792,147.92794605447546,11.477168228364475,0.28338686983615985,373
2021-03-18,1616025600000,DC,11001,81.0,42892.0,2.0,1046.0,6077.514810506284,148.21133292431162,11.477168228364475,0.28338686983615985,374
2021-03-19,1616112000000,DC,11001,142.0,43034.0,1.0,1047.0,6097.635278264652,148.3530263592297,20.12046775836735,0.14169343491807992,375
2021-03-20,1616198400000,DC,11001,141.0,43175.0,2.0,1049.0,6117.614052588102,148.63641322906588,19.978774323449272,0.28338686983615985,376
2021-03-21,1616284800000,DC,11001,54.0,43229.0,1.0,1050.0,6125.265498073678,148.77810666398395,7.651445485576317,0.14169343491807992,377
2021-03-22,1616371200000,DC,11001,154.0,43383.0,0.0,1050.0,6147.086287051063,148.77810666398395,21.82078897738431,0.0,378
2021-03-23,1616457600000,DC,11001,105.0,43488.0,1.0,1051.0,6161.96409771746,148.91980009890202,14.877810666398394,0.14169343491807992,379
2021-03-24,1616544000000,DC,11001,107.0,43595.0,2.0,1053.0,6177.125295253695,149.20318696873818,15.161197536234553,0.28338686983615985,380
2021-03-25,1616630400000,DC,11001,74.0,43669.0,0.0,1053.0,6187.610609437633,149.20318696873818,10.485314183937916,0.0,381
2021-03-26,1616716800000,DC,11001,156.0,43825.0,2.0,1055.0,6209.714785284853,149.48657383857434,22.10417584722047,0.28338686983615985,382
2021-03-27,1616803200000,DC,11001,226.0,44051.0,1.0,1056.0,6241.737501576339,149.6282672734924,32.02271629148606,0.14169343491807992,383
2021-03-28,1616889600000,DC,11001,124.0,44175.0,0.0,1056.0,6259.307487506181,149.6282672734924,17.569985929841913,0.0,384
2021-03-29,1616976000000,DC,11001,73.0,44248.0,3.0,1059.0,6269.6511082552015,150.05334757824667,10.343620749019836,0.4250803047542398,385
2021-03-30,1617062400000,DC,11001,165.0,44413.0,2.0,1061.0,6293.030525016684,150.3367344480828,23.379416761483192,0.28338686983615985,386
2021-03-31,1617148800000,DC,11001,100.0,44513.0,3.0,1064.0,6307.199868508493,150.76181475283707,14.169343491807993,0.4250803047542398,387
2021-04-01,1617235200000,DC,11001,143.0,44656.0,2.0,1066.0,6327.462029701777,151.04520162267323,20.262161193285433,0.28338686983615985,388
2021-04-02,1617321600000,DC,11001,151.0,44807.0,3.0,1069.0,6348.857738374409,151.47028192742746,21.39570867263007,0.4250803047542398,389
2021-04-03,1617408000000,DC,11001,125.0,44932.0,1.0,1070.0,6366.569417739168,151.61197536234553,17.71167936475999,0.14169343491807992,390
2021-04-04,1617494400000,DC,11001,105.0,45037.0,0.0,1070.0,6381.447228405566,151.61197536234553,14.877810666398394,0.0,391
2021-04-05,1617580800000,DC,11001,75.0,45112.0,2.0,1072.0,6392.074236024423,151.8953622321817,10.627007618855997,0.28338686983615985,392
2021-04-06,1617667200000,DC,11001,122.0,45234.0,2.0,1074.0,6409.360835084428,152.17874910201786,17.286599060005756,0.28338686983615985,393
2021-04-07,1617753600000,DC,11001,94.0,45328.0,2.0,1076.0,6422.680017966728,152.46213597185402,13.319182882299513,0.28338686983615985,394
2021-04-08,1617840000000,DC,11001,170.0,45498.0,1.0,1077.0,6446.767901902802,152.6038294067721,24.087883936073588,0.14169343491807992,395
2021-04-09,1617926400000,DC,11001,136.0,45634.0,2.0,1079.0,6466.03820905166,152.88721627660826,19.270307148858873,0.28338686983615985,396
2021-04-10,1618012800000,DC,11001,128.0,45762.0,2.0,1081.0,6484.174968721173,153.17060314644442,18.13675966951423,0.28338686983615985,397
2021-04-11,1618099200000,DC,11001,68.0,45830.0,0.0,1081.0,6493.810122295604,153.17060314644442,9.635153574429436,0.0,398
2021-04-12,1618185600000,DC,11001,73.0,45903.0,3.0,1084.0,6504.153743044623,153.59568345119865,10.343620749019836,0.4250803047542398,399
2021-04-13,1618272000000,DC,11001,113.0,46016.0,1.0,1085.0,6520.165101190367,153.73737688611672,16.01135814574303,0.14169343491807992,400
2021-04-14,1618358400000,DC,11001,193.0,46209.0,3.0,1088.0,6547.511934129556,154.16245719087098,27.346832939189426,0.4250803047542398,401
2021-04-15,1618444800000,DC,11001,106.0,46315.0,2.0,1090.0,6562.531438230873,154.44584406070712,15.019504101316473,0.28338686983615985,402
2021-04-16,1618531200000,DC,11001,134.0,46449.0,3.0,1093.0,6581.518358509896,154.87092436546138,18.986920279022712,0.4250803047542398,403
2021-04-17,1618617600000,DC,11001,130.0,46579.0,2.0,1095.0,6599.938505049245,155.15431123529754,18.42014653935039,0.28338686983615985,404
2021-04-18,1618704000000,DC,11001,83.0,46662.0,1.0,1096.0,6611.699060147447,155.2960046702156,11.760555098200635,0.14169343491807992,405
2021-04-19,1618790400000,DC,11001,78.0,46740.0,0.0,1096.0,6622.7511480710555,155.2960046702156,11.052087923610236,0.0,406
2021-04-20,1618876800000,DC,11001,129.0,46869.0,1.0,1097.0,6641.029601175488,155.43769810513368,18.278453104432312,0.14169343491807992,407
2021-04-21,1618963200000,DC,11001,72.0,46941.0,0.0,1097.0,6651.23152848959,155.43769810513368,10.201927314101756,0.0,408
2021-04-22,1619049600000,DC,11001,99.0,47040.0,1.0,1098.0,6665.25917854648,155.57939154005177,14.027650056889915,0.14169343491807992,409
2021-04-23,1619136000000,DC,11001,101.0,47141.0,1.0,1099.0,6679.570215473206,155.72108497496987,14.311036926726073,0.14169343491807992,410
2021-04-24,1619222400000,DC,11001,78.0,47219.0,0.0,1099.0,6690.622303396816,155.72108497496987,11.052087923610236,0.0,411
2021-04-25,1619308800000,DC,11001,104.0,47323.0,0.0,1099.0,6705.358420628298,155.72108497496987,14.736117231480314,0.0,412
2021-04-26,1619395200000,DC,11001,55.0,47378.0,0.0,1099.0,6713.151559548791,155.72108497496987,7.793138920494397,0.0,413
2021-04-27,1619481600000,DC,11001,93.0,47471.0,1.0,1100.0,6726.329048996173,155.86277840988794,13.177489447381436,0.14169343491807992,414
2021-04-28,1619568000000,DC,11001,62.0,47533.0,4.0,1104.0,6735.114041961093,156.42955214956027,8.784992964920956,0.5667737396723197,415
2021-04-29,1619654400000,DC,11001,81.0,47614.0,1.0,1105.0,6746.591210189458,156.57124558447833,11.477168228364475,0.14169343491807992,416
2021-04-30,1619740800000,DC,11001,83.0,47697.0,0.0,1105.0,6758.35176528766,156.57124558447833,11.760555098200635,0.0,417
2021-05-01,1619827200000,DC,11001,0.0,47697.0,0.0,1105.0,6758.35176528766,156.57124558447833,0.0,0.0,418
2021-05-02,1619913600000,DC,11001,103.0,47800.0,1.0,1106.0,6772.946189084221,156.71293901939643,14.594423796562234,0.14169343491807992,419
2021-05-03,1620000000000,DC,11001,103.0,47903.0,0.0,1106.0,6787.540612880784,156.71293901939643,14.594423796562234,0.0,420
2021-05-04,1620086400000,DC,11001,83.0,47986.0,0.0,1106.0,6799.301167978984,156.71293901939643,11.760555098200635,0.0,421
2021-05-05,1620172800000,DC,11001,55.0,48041.0,3.0,1109.0,6807.094306899479,157.13801932415066,7.793138920494397,0.4250803047542398,422
2021-05-06,1620259200000,DC,11001,39.0,48080.0,1.0,1110.0,6812.6203508612825,157.27971275906873,5.526043961805118,0.14169343491807992,423
2021-05-07,1620345600000,DC,11001,56.0,48136.0,0.0,1110.0,6820.555183216697,157.27971275906873,7.9348323554124764,0.0,424
2021-05-08,1620432000000,DC,11001,28.0,48164.0,0.0,1110.0,6824.522599394401,157.27971275906873,3.9674161777062382,0.0,425
2021-05-09,1620518400000,DC,11001,16.0,48180.0,0.0,1110.0,6826.789694353091,157.27971275906873,2.267094958689279,0.0,426
2021-05-10,1620604800000,DC,11001,15.0,48195.0,0.0,1110.0,6828.915095876862,157.27971275906873,2.125401523771199,0.0,427
2021-05-11,1620691200000,DC,11001,87.0,48282.0,3.0,1113.0,6841.2424247147355,157.70479306382296,12.327328837872956,0.4250803047542398,428
2021-05-12,1620777600000,DC,11001,54.0,48336.0,2.0,1115.0,6848.893870200312,157.98817993365913,7.651445485576317,0.28338686983615985,429
2021-05-13,1620864000000,DC,11001,68.0,48404.0,0.0,1115.0,6858.529023774741,157.98817993365913,9.635153574429436,0.0,430
2021-05-14,1620950400000,DC,11001,20.0,48424.0,1.0,1116.0,6861.362892473102,158.12987336857722,2.833868698361599,0.14169343491807992,431
2021-05-15,1621036800000,DC,11001,106.0,48530.0,2.0,1118.0,6876.3823965744195,158.41326023841336,15.019504101316473,0.28338686983615985,432
2021-05-16,1621123200000,DC,11001,15.0,48545.0,2.0,1120.0,6878.5077980981905,158.69664710824952,2.125401523771199,0.28338686983615985,433
2021-05-17,1621209600000,DC,11001,45.0,48590.0,2.0,1122.0,6884.884002669504,158.98003397808571,6.376204571313597,0.28338686983615985,434
2021-05-18,1621296000000,DC,11001,26.0,48616.0,0.0,1122.0,6888.568031977374,158.98003397808571,3.6840293078700785,0.0,435
2021-05-19,1621382400000,DC,11001,18.0,48634.0,2.0,1124.0,6891.118513805899,159.26342084792185,2.550481828525439,0.28338686983615985,436
2021-05-20,1621468800000,DC,11001,28.0,48662.0,1.0,1125.0,6895.085929983607,159.40511428283992,3.9674161777062382,0.14169343491807992,437
2021-05-21,1621555200000,DC,11001,27.0,48689.0,0.0,1125.0,6898.911652726394,159.40511428283992,3.8257227427881584,0.0,438
2021-05-22,1621641600000,DC,11001,38.0,48727.0,0.0,1125.0,6904.296003253281,159.40511428283992,5.3843505268870375,0.0,439
2021-05-23,1621728000000,DC,11001,21.0,48748.0,2.0,1127.0,6907.271565386561,159.6885011526761,2.9755621332796784,0.28338686983615985,440
2021-05-24,1621814400000,DC,11001,14.0,48762.0,3.0,1130.0,6909.255273475414,160.1135814574303,1.9837080888531191,0.4250803047542398,441
2021-05-25,1621900800000,DC,11001,41.0,48803.0,0.0,1130.0,6915.064704307056,160.1135814574303,5.8094308316412775,0.0,442
2021-05-26,1621987200000,DC,11001,19.0,48822.0,1.0,1131.0,6917.756879570498,160.2552748923484,2.6921752634435188,0.14169343491807992,443
2021-05-27,1622073600000,DC,11001,22.0,48844.0,1.0,1132.0,6920.874135138696,160.3969683272665,3.1172555681977583,0.14169343491807992,444
2021-05-28,1622160000000,DC,11001,54.0,48898.0,0.0,1132.0,6928.525580624273,160.3969683272665,7.651445485576317,0.0,445
2021-05-29,1622246400000,DC,11001,0.0,48898.0,0.0,1132.0,6928.525580624273,160.3969683272665,0.0,0.0,446
2021-05-30,1622332800000,DC,11001,0.0,48898.0,0.0,1132.0,6928.525580624273,160.3969683272665,0.0,0.0,447
2021-05-31,1622419200000,DC,11001,0.0,48898.0,0.0,1132.0,6928.525580624273,160.3969683272665,0.0,0.0,448
2021-06-01,1622505600000,DC,11001,102.0,49000.0,2.0,1134.0,6942.978310985917,160.68035519710267,14.452730361644154,0.28338686983615985,449
2021-06-02,1622592000000,DC,11001,11.0,49011.0,1.0,1135.0,6944.536938770016,160.82204863202074,1.5586277840988791,0.14169343491807992,450
2021-06-03,1622678400000,DC,11001,30.0,49041.0,1.0,1136.0,6948.7877418175585,160.9637420669388,4.250803047542398,0.14169343491807992,451
2021-06-04,1622764800000,DC,11001,27.0,49068.0,0.0,1136.0,6952.613464560346,160.9637420669388,3.8257227427881584,0.0,452
2021-06-05,1622851200000,DC,11001,0.0,49068.0,0.0,1136.0,6952.613464560346,160.9637420669388,0.0,0.0,453
2021-06-06,1622937600000,DC,11001,0.0,49068.0,0.0,1136.0,6952.613464560346,160.9637420669388,0.0,0.0,454
2021-06-07,1623024000000,DC,11001,42.0,49110.0,0.0,1136.0,6958.5645888269055,160.9637420669388,5.951124266559357,0.0,455
2021-06-08,1623110400000,DC,11001,9.0,49119.0,1.0,1137.0,6959.839829741169,161.1054355018569,1.2752409142627195,0.14169343491807992,456
2021-06-09,1623196800000,DC,11001,8.0,49127.0,0.0,1137.0,6960.973377220513,161.1054355018569,1.1335474793446394,0.0,457
2021-06-10,1623283200000,DC,11001,24.0,49151.0,0.0,1137.0,6964.374019658547,161.1054355018569,3.4006424380339184,0.0,458
2021-06-11,1623369600000,DC,11001,7.0,49158.0,0.0,1137.0,6965.365873702974,161.1054355018569,0.9918540444265596,0.0,459
2021-06-12,1623456000000,DC,11001,21.0,49179.0,1.0,1138.0,6968.341435836253,161.24712893677497,2.9755621332796784,0.14169343491807992,460
2021-06-13,1623542400000,DC,11001,0.0,49179.0,0.0,1138.0,6968.341435836253,161.24712893677497,0.0,0.0,461
2021-06-14,1623628800000,DC,11001,21.0,49200.0,0.0,1138.0,6971.316997969533,161.24712893677497,2.9755621332796784,0.0,462
2021-06-15,1623715200000,DC,11001,13.0,49213.0,0.0,1138.0,6973.159012623469,161.24712893677497,1.8420146539350393,0.0,463
2021-06-16,1623801600000,DC,11001,10.0,49223.0,1.0,1139.0,6974.575946972648,161.38882237169307,1.4169343491807995,0.14169343491807992,464
2021-06-17,1623888000000,DC,11001,9.0,49232.0,1.0,1140.0,6975.851187886911,161.53051580661113,1.2752409142627195,0.14169343491807992,465
2021-06-18,1623974400000,DC,11001,11.0,49243.0,1.0,1141.0,6977.409815671011,161.6722092415292,1.5586277840988791,0.14169343491807992,466
2021-06-19,1624060800000,DC,11001,0.0,49243.0,0.0,1141.0,6977.409815671011,161.6722092415292,0.0,0.0,467
2021-06-20,1624147200000,DC,11001,0.0,49243.0,0.0,1141.0,6977.409815671011,161.6722092415292,0.0,0.0,468
2021-06-21,1624233600000,DC,11001,19.0,49262.0,0.0,1141.0,6980.101990934453,161.6722092415292,2.6921752634435188,0.0,469
2021-06-22,1624320000000,DC,11001,13.0,49275.0,0.0,1141.0,6981.944005588389,161.6722092415292,1.8420146539350393,0.0,470
2021-06-23,1624406400000,DC,11001,9.0,49284.0,0.0,1141.0,6983.219246502652,161.6722092415292,1.2752409142627195,0.0,471
2021-06-24,1624492800000,DC,11001,13.0,49297.0,0.0,1141.0,6985.0612611565875,161.6722092415292,1.8420146539350393,0.0,472
2021-06-25,1624579200000,DC,11001,8.0,49305.0,0.0,1141.0,6986.194808635932,161.6722092415292,1.1335474793446394,0.0,473
2021-06-26,1624665600000,DC,11001,0.0,49305.0,0.0,1141.0,6986.194808635932,161.6722092415292,0.0,0.0,474
2021-06-27,1624752000000,DC,11001,0.0,49305.0,0.0,1141.0,6986.194808635932,161.6722092415292,0.0,0.0,475
2021-06-28,1624838400000,DC,11001,28.0,49333.0,0.0,1141.0,6990.162224813638,161.6722092415292,3.9674161777062382,0.0,476
2021-06-29,1624924800000,DC,11001,14.0,49347.0,0.0,1141.0,6992.145932902491,161.6722092415292,1.9837080888531191,0.0,477
2021-06-30,1625011200000,DC,11001,8.0,49355.0,0.0,1141.0,6993.279480381835,161.6722092415292,1.1335474793446394,0.0,478
2021-07-01,1625097600000,DC,11001,7.0,49362.0,0.0,1141.0,6994.271334426262,161.6722092415292,0.9918540444265596,0.0,479
2021-07-02,1625184000000,DC,11001,16.0,49378.0,0.0,1141.0,6996.538429384952,161.6722092415292,2.267094958689279,0.0,480
2021-07-03,1625270400000,DC,11001,0.0,49378.0,0.0,1141.0,6996.538429384952,161.6722092415292,0.0,0.0,481
2021-07-04,1625356800000,DC,11001,0.0,49378.0,0.0,1141.0,6996.538429384952,161.6722092415292,0.0,0.0,482
2021-07-05,1625443200000,DC,11001,0.0,49378.0,0.0,1141.0,6996.538429384952,161.6722092415292,0.0,0.0,483
2021-07-06,1625529600000,DC,11001,39.0,49417.0,1.0,1142.0,7002.064473346756,161.8139026764473,5.526043961805118,0.14169343491807992,484
2021-07-07,1625616000000,DC,11001,6.0,49423.0,1.0,1143.0,7002.914633956264,161.95559611136537,0.8501606095084796,0.14169343491807992,485
2021-07-08,1625702400000,DC,11001,11.0,49434.0,0.0,1143.0,7004.473261740364,161.95559611136537,1.5586277840988791,0.0,486
2021-07-09,1625788800000,DC,11001,21.0,49455.0,0.0,1143.0,7007.448823873644,161.95559611136537,2.9755621332796784,0.0,487
2021-07-10,1625875200000,DC,11001,0.0,49455.0,0.0,1143.0,7007.448823873644,161.95559611136537,0.0,0.0,488
2021-07-11,1625961600000,DC,11001,0.0,49455.0,0.0,1143.0,7007.448823873644,161.95559611136537,0.0,0.0,489
2021-07-12,1626048000000,DC,11001,71.0,49526.0,1.0,1144.0,7017.509057752827,162.09728954628346,10.060233879183675,0.14169343491807992,490
2021-07-13,1626134400000,DC,11001,10.0,49536.0,0.0,1144.0,7018.925992102008,162.09728954628346,1.4169343491807995,0.0,491
2021-07-14,1626220800000,DC,11001,38.0,49574.0,1.0,1145.0,7024.310342628895,162.23898298120153,5.3843505268870375,0.14169343491807992,492
2021-07-15,1626307200000,DC,11001,41.0,49615.0,0.0,1145.0,7030.119773460536,162.23898298120153,5.8094308316412775,0.0,493
2021-07-16,1626393600000,DC,11001,37.0,49652.0,1.0,1146.0,7035.362430552505,162.3806764161196,5.242657091968958,0.14169343491807992,494
2021-07-17,1626480000000,DC,11001,0.0,49652.0,0.0,1146.0,7035.362430552505,162.3806764161196,0.0,0.0,495
2021-07-18,1626566400000,DC,11001,0.0,49652.0,0.0,1146.0,7035.362430552505,162.3806764161196,0.0,0.0,496
2021-07-19,1626652800000,DC,11001,141.0,49793.0,0.0,1146.0,7055.341204875955,162.3806764161196,19.978774323449272,0.0,497
2021-07-20,1626739200000,DC,11001,34.0,49827.0,0.0,1146.0,7060.158781663169,162.3806764161196,4.817576787214718,0.0,498
2021-07-21,1626825600000,DC,11001,31.0,49858.0,0.0,1146.0,7064.55127814563,162.3806764161196,4.392496482460478,0.0,499
2021-07-22,1626912000000,DC,11001,72.0,49930.0,0.0,1146.0,7074.753205459731,162.3806764161196,10.201927314101756,0.0,500
2021-07-23,1626998400000,DC,11001,43.0,49973.0,0.0,1146.0,7080.84602316121,162.3806764161196,6.092817701477438,0.0,501
2021-07-24,1627084800000,DC,11001,0.0,49973.0,0.0,1146.0,7080.84602316121,162.3806764161196,0.0,0.0,502
2021-07-25,1627171200000,DC,11001,0.0,49973.0,0.0,1146.0,7080.84602316121,162.3806764161196,0.0,0.0,503
2021-07-26,1627257600000,DC,11001,187.0,50160.0,1.0,1147.0,7107.34269549089,162.5223698510377,26.496672329680948,0.14169343491807992,504
2021-07-27,1627344000000,DC,11001,68.0,50228.0,0.0,1147.0,7116.977849065319,162.5223698510377,9.635153574429436,0.0,505
2021-07-28,1627430400000,DC,11001,40.0,50268.0,1.0,1148.0,7122.645586462042,162.66406328595576,5.667737396723198,0.14169343491807992,506
2021-07-29,1627516800000,DC,11001,61.0,50329.0,1.0,1149.0,7131.288885992046,162.80575672087386,8.643299530002878,0.14169343491807992,507
2021-07-30,1627603200000,DC,11001,69.0,50398.0,0.0,1149.0,7141.065733001394,162.80575672087386,9.776847009347517,0.0,508
2021-07-31,1627689600000,DC,11001,0.0,50398.0,0.0,1149.0,7141.065733001394,162.80575672087386,0.0,0.0,509
2021-08-01,1627776000000,DC,11001,0.0,50398.0,0.0,1149.0,7141.065733001394,162.80575672087386,0.0,0.0,510
2021-08-02,1627862400000,DC,11001,320.0,50718.0,0.0,1149.0,7186.407632175179,162.80575672087386,45.341899173785585,0.0,511
2021-08-03,1627948800000,DC,11001,82.0,50800.0,0.0,1149.0,7198.026493838461,162.80575672087386,11.618861663282555,0.0,512
2021-08-04,1628035200000,DC,11001,58.0,50858.0,0.0,1149.0,7206.24471306371,162.80575672087386,8.218219225248637,0.0,513
2021-08-05,1628121600000,DC,11001,117.0,50975.0,0.0,1149.0,7222.822844949125,162.80575672087386,16.578131885415353,0.0,514
2021-08-06,1628208000000,DC,11001,128.0,51103.0,0.0,1149.0,7240.95960461864,162.80575672087386,18.13675966951423,0.0,515
2021-08-07,1628294400000,DC,11001,0.0,51103.0,0.0,1149.0,7240.95960461864,162.80575672087386,0.0,0.0,516
2021-08-08,1628380800000,DC,11001,0.0,51103.0,0.0,1149.0,7240.95960461864,162.80575672087386,0.0,0.0,517
2021-08-09,1628467200000,DC,11001,486.0,51589.0,0.0,1149.0,7309.822613988826,162.80575672087386,68.86300937018684,0.0,518
2021-08-10,1628553600000,DC,11001,0.0,51589.0,0.0,1149.0,7309.822613988826,162.80575672087386,0.0,0.0,519
2021-08-11,1628640000000,DC,11001,264.0,51853.0,0.0,1149.0,7347.229680807199,162.80575672087386,37.4070668183731,0.0,520
2021-08-12,1628726400000,DC,11001,152.0,52005.0,1.0,1150.0,7368.767082914747,162.94745015579193,21.53740210754815,0.14169343491807992,521
2021-08-13,1628812800000,DC,11001,196.0,52201.0,0.0,1150.0,7396.538996158692,162.94745015579193,27.77191324394367,0.0,522
2021-08-14,1628899200000,DC,11001,0.0,52201.0,0.0,1150.0,7396.538996158692,162.94745015579193,0.0,0.0,523
2021-08-15,1628985600000,DC,11001,0.0,52201.0,0.0,1150.0,7396.538996158692,162.94745015579193,0.0,0.0,524
2021-08-16,1629072000000,DC,11001,576.0,52777.0,0.0,1150.0,7478.154414671505,162.94745015579193,81.61541851281405,0.0,525
2021-08-17,1629158400000,DC,11001,66.0,52843.0,1.0,1151.0,7487.5061813760985,163.08914359071002,9.351766704593276,0.14169343491807992,526
2021-08-18,1629244800000,DC,11001,181.0,53024.0,2.0,1153.0,7513.152693096271,163.37253046054616,25.646511720172473,0.28338686983615985,527
2021-08-19,1629331200000,DC,11001,138.0,53162.0,2.0,1155.0,7532.706387114965,163.65591733038232,19.553694018695033,0.28338686983615985,528
2021-08-20,1629417600000,DC,11001,180.0,53342.0,0.0,1155.0,7558.21120540022,163.65591733038232,25.504818285254387,0.0,529
2021-08-21,1629504000000,DC,11001,0.0,53342.0,0.0,1155.0,7558.21120540022,163.65591733038232,0.0,0.0,530
2021-08-22,1629590400000,DC,11001,0.0,53342.0,0.0,1155.0,7558.21120540022,163.65591733038232,0.0,0.0,531
2021-08-23,1629676800000,DC,11001,556.0,53898.0,0.0,1155.0,7636.992755214672,163.65591733038232,78.78154981445245,0.0,532
2021-08-24,1629763200000,DC,11001,133.0,54031.0,0.0,1155.0,7655.837982058777,163.65591733038232,18.845226844104634,0.0,533
