datetimeobject,epochmilli,STUSPS,COUNTYGEOID,positiveRate,deathRate,label
2020-03-09,1583712000000.0,DC,11001,0.0,0.0,
2020-03-10,1583798400000.0,DC,11001,0.0,0.0,
2020-03-11,1583884800000.0,DC,11001,0.0,0.0,
2020-03-12,1583971200000.0,DC,11001,0.0,0.0,
2020-03-13,1584057600000.0,DC,11001,0.0,0.0,
2020-03-14,1584144000000.0,DC,11001,0.0,0.0,
2020-03-15,1584230400000.0,DC,11001,0.0,0.0,
2020-03-16,1584316800000.0,DC,11001,3.1172555681977583,0.0,
2020-03-17,1584403200000.0,DC,11001,3.1172555681977583,0.0,
2020-03-18,1584489600000.0,DC,11001,4.392496482460478,0.0,
2020-03-19,1584576000000.0,DC,11001,5.667737396723198,0.0,
2020-03-20,1584662400000.0,DC,11001,10.060233879183675,0.0,
2020-03-21,1584748800000.0,DC,11001,13.885956621971834,0.0,
2020-03-22,1584835200000.0,DC,11001,14.452730361644154,0.28338686983615985,
2020-03-23,1584921600000.0,DC,11001,17.00321219016959,0.28338686983615985,
2020-03-24,1585008000000.0,DC,11001,19.978774323449272,0.28338686983615985,
2020-03-25,1585094400000.0,DC,11001,26.496672329680948,0.28338686983615985,
2020-03-26,1585180800000.0,DC,11001,32.731183466076466,0.4250803047542398,
2020-03-27,1585267200000.0,DC,11001,38.39892086279966,0.4250803047542398,
2020-03-28,1585353600000.0,DC,11001,43.0748042150963,0.5667737396723197,
2020-03-29,1585440000000.0,DC,11001,48.45915474198334,0.7084671745903998,
2020-03-30,1585526400000.0,DC,11001,56.81906740215006,1.2752409142627195,
2020-03-31,1585612800000.0,DC,11001,70.13825028444957,1.2752409142627195,
2020-04-01,1585699200000.0,DC,11001,83.03235286199485,1.2752409142627195,
2020-04-02,1585785600000.0,DC,11001,92.5258130015062,1.7003212190169592,
2020-04-03,1585872000000.0,DC,11001,107.2619302329865,2.125401523771199,
2020-04-04,1585958400000.0,DC,11001,127.80747829610812,2.9755621332796784,
2020-04-05,1586044800000.0,DC,11001,141.9768217879161,3.1172555681977583,
2020-04-06,1586131200000.0,DC,11001,155.43769810513368,3.1172555681977583,
2020-04-07,1586217600000.0,DC,11001,171.5907496857948,3.1172555681977583,
2020-04-08,1586304000000.0,DC,11001,204.0385462820351,3.8257227427881584,
2020-04-09,1586390400000.0,DC,11001,215.79910138023575,4.534189917378558,
2020-04-10,1586476800000.0,DC,11001,235.21110196401267,5.3843505268870375,
2020-04-11,1586563200000.0,DC,11001,251.93092728434613,6.6595914411497565,
2020-04-12,1586649600000.0,DC,11001,265.6751904713999,7.0846717459039965,
2020-04-13,1586736000000.0,DC,11001,277.01066526484624,7.368058615740157,
2020-04-14,1586822400000.0,DC,11001,291.6050890614085,9.493460139511356,
2020-04-15,1586908800000.0,DC,11001,311.3004765150216,10.201927314101756,
2020-04-16,1586995200000.0,DC,11001,332.9795720574878,11.477168228364475,
2020-04-17,1587081600000.0,DC,11001,350.8329448571659,12.185635402954876,
2020-04-18,1587168000000.0,DC,11001,377.7546974916011,12.894102577545274,
2020-04-19,1587254400000.0,DC,11001,395.74976372619733,13.602569752135674,
2020-04-20,1587340800000.0,DC,11001,414.73668400522,14.877810666398394,
2020-04-21,1587427200000.0,DC,11001,438.96626137621166,15.869664710824953,
2020-04-22,1587513600000.0,DC,11001,454.26915234736424,17.995066234596152,
2020-04-23,1587600000000.0,DC,11001,476.2316347596667,19.69538745361311,
2020-04-24,1587686400000.0,DC,11001,499.89443839098607,21.679095542466232,
2020-04-25,1587772800000.0,DC,11001,524.1240157619777,23.379416761483192,
2020-04-26,1587859200000.0,DC,11001,544.244483520345,25.221431415418227,
2020-04-27,1587945600000.0,DC,11001,551.4708487011671,26.213285459844787,
2020-04-28,1588032000000.0,DC,11001,565.9235790628113,26.921752634435187,
2020-04-29,1588118400000.0,DC,11001,581.7932437736363,29.047154158206386,
2020-04-30,1588204800000.0,DC,11001,612.5407191508596,31.739329421649906,
2020-05-01,1588291200000.0,DC,11001,660.0080198484163,32.731183466076466,
2020-05-02,1588377600000.0,DC,11001,679.7034073020295,34.00642438033918,
2020-05-03,1588464000000.0,DC,11001,710.7342695490889,35.565052164438065,
2020-05-04,1588550400000.0,DC,11001,732.5550585264733,36.556906208864625,
2020-05-05,1588636800000.0,DC,11001,754.0924606340214,37.4070668183731,
2020-05-06,1588723200000.0,DC,11001,773.7878480876345,39.24908147230814,
2020-05-07,1588809600000.0,DC,11001,801.1346810268241,40.382628951652784,
2020-05-08,1588896000000.0,DC,11001,835.8495725817535,43.0748042150963,
2020-05-09,1588982400000.0,DC,11001,864.6133398701237,44.06665825952286,
2020-05-10,1589068800000.0,DC,11001,888.7012238061974,45.766979478539824,
2020-05-11,1589155200000.0,DC,11001,905.2793556916127,46.47544665313022,
2020-05-12,1589241600000.0,DC,11001,918.8819254437484,47.608994132474855,
2020-05-13,1589328000000.0,DC,11001,932.9095755006383,49.592702221327976,
2020-05-14,1589414400000.0,DC,11001,954.4469776081866,50.726249700672625,
2020-05-15,1589500800000.0,DC,11001,973.5755913221274,52.14318404985342,
2020-05-16,1589587200000.0,DC,11001,997.8051686931188,53.13503809427998,
2020-05-17,1589673600000.0,DC,11001,1009.2823369214835,54.26858557362462,
2020-05-18,1589760000000.0,DC,11001,1030.1112718544412,55.54382648788734,
2020-05-19,1589846400000.0,DC,11001,1053.3489951810063,56.67737396723197,
2020-05-20,1589932800000.0,DC,11001,1069.9271270664217,57.66922801165854,
2020-05-21,1590019200000.0,DC,11001,1103.5084711420066,58.377695186248935,
2020-05-22,1590105600000.0,DC,11001,1118.3862818084049,59.227855795757414,
2020-05-23,1590192000000.0,DC,11001,1128.7299025574248,60.50309671002014,
2020-05-24,1590278400000.0,DC,11001,1149.1337571856284,61.211563884610534,
2020-05-25,1590364800000.0,DC,11001,1165.4285022012075,62.345111363955176,
2020-05-26,1590451200000.0,DC,11001,1180.8730866072783,62.345111363955176,
2020-05-27,1590537600000.0,DC,11001,1191.0750139213799,63.05357853854558,
2020-05-28,1590624000000.0,DC,11001,1203.2606493243347,64.18712601789021,
2020-05-29,1590710400000.0,DC,11001,1209.7785473305664,65.17898006231678,
2020-05-30,1590796800000.0,DC,11001,1235.1416721809028,65.46236693215293,
2020-05-31,1590883200000.0,DC,11001,1247.0439207140216,66.02914067182525,
2020-06-01,1590969600000.0,DC,11001,1254.978753069434,66.31252754166141,
2020-06-02,1591056000000.0,DC,11001,1259.0878626820584,66.59591441149757,
2020-06-03,1591142400000.0,DC,11001,1277.5080092214089,67.0209947162518,
2020-06-04,1591228800000.0,DC,11001,1292.244126452889,67.30438158608797,
2020-06-05,1591315200000.0,DC,11001,1303.4379078114173,67.8711553257603,
2020-06-06,1591401600000.0,DC,11001,1313.356448255683,68.43792906543261,
2020-06-07,1591488000000.0,DC,11001,1322.283134655522,69.28808967494109,
2020-06-08,1591574400000.0,DC,11001,1330.3596604458526,69.57147654477725,
2020-06-09,1591660800000.0,DC,11001,1342.4036024138895,70.13825028444957,
2020-06-10,1591747200000.0,DC,11001,1351.3302888137284,70.7050240241219,
2020-06-11,1591833600000.0,DC,11001,1358.6983474294686,71.13010432887613,
2020-06-12,1591920000000.0,DC,11001,1367.9084206991438,71.69687806854844,
2020-06-13,1592006400000.0,DC,11001,1375.7015596196381,72.40534524313885,
2020-06-14,1592092800000.0,DC,11001,1383.9197788448869,72.97211898281117,
2020-06-15,1592179200000.0,DC,11001,1388.4539687622653,72.97211898281117,
2020-06-16,1592265600000.0,DC,11001,1391.146144025709,73.68058615740156,
2020-06-17,1592352000000.0,DC,11001,1395.2552536383332,74.10566646215581,
2020-06-18,1592438400000.0,DC,11001,1403.1900859937457,74.67244020182814,
2020-06-19,1592524800000.0,DC,11001,1410.1330643047315,75.09752050658237,
2020-06-20,1592611200000.0,DC,11001,1414.6672542221102,75.23921394150044,
2020-06-21,1592697600000.0,DC,11001,1419.768217879161,75.52260081133662,
2020-06-22,1592784000000.0,DC,11001,1425.1525684060482,75.80598768117277,
2020-06-23,1592870400000.0,DC,11001,1430.2535320630989,76.08937455100893,
2020-06-24,1592956800000.0,DC,11001,1435.0711088503135,76.65614829068124,
2020-06-25,1593043200000.0,DC,11001,1439.463605332774,76.93953516051741,
2020-06-26,1593129600000.0,DC,11001,1443.1476346406441,77.36461546527164,
2020-06-27,1593216000000.0,DC,11001,1447.5401311231046,77.6480023351078,
2020-06-28,1593302400000.0,DC,11001,1452.0743210404833,77.93138920494397,
2020-06-29,1593388800000.0,DC,11001,1458.3088321768787,78.07308263986204,
2020-06-30,1593475200000.0,DC,11001,1463.2681023990115,78.07308263986204,
2020-07-01,1593561600000.0,DC,11001,1468.6524529258984,78.35646950969821,
2020-07-02,1593648000000.0,DC,11001,1472.1947887988506,78.49816294461628,
2020-07-03,1593734400000.0,DC,11001,1478.5709933701642,78.63985637953436,
2020-07-04,1593820800000.0,DC,11001,1480.2713145891812,78.92324324937053,
2020-07-05,1593907200000.0,DC,11001,1485.230584811314,79.20663011920668,
2020-07-06,1593993600000.0,DC,11001,1489.9064681636105,79.49001698904286,
2020-07-07,1594080000000.0,DC,11001,1497.557913649187,79.49001698904286,
2020-07-08,1594166400000.0,DC,11001,1507.9015343982069,79.91509729379709,
2020-07-09,1594252800000.0,DC,11001,1513.1441914901757,80.4818710334694,
2020-07-10,1594339200000.0,DC,11001,1522.2125713249327,80.4818710334694,
2020-07-11,1594425600000.0,DC,11001,1530.4307905501814,80.4818710334694,
2020-07-12,1594512000000.0,DC,11001,1536.9486885564131,80.4818710334694,
2020-07-13,1594598400000.0,DC,11001,1545.30860121658,80.4818710334694,
2020-07-14,1594684800000.0,DC,11001,1550.9763386133031,80.4818710334694,
2020-07-15,1594771200000.0,DC,11001,1562.3118134067495,80.90695133822365,
2020-07-16,1594857600000.0,DC,11001,1569.3964851526534,81.33203164297788,
2020-07-17,1594944000000.0,DC,11001,1574.9225291144587,81.75711194773213,
2020-07-18,1595030400000.0,DC,11001,1586.116310472987,81.89880538265021,
2020-07-19,1595116800000.0,DC,11001,1595.6097706124983,81.89880538265021,
2020-07-20,1595203200000.0,DC,11001,1606.6618585361084,82.04049881756828,
2020-07-21,1595289600000.0,DC,11001,1619.1308808088997,82.18219225248636,
2020-07-22,1595376000000.0,DC,11001,1633.5836111705437,82.18219225248636,
2020-07-23,1595462400000.0,DC,11001,1639.534735437103,82.32388568740446,
2020-07-24,1595548800000.0,DC,11001,1650.5868233607134,82.32388568740446,
2020-07-25,1595635200000.0,DC,11001,1660.2219769351427,82.32388568740446,
2020-07-26,1595721600000.0,DC,11001,1669.1486633349816,82.32388568740446,
2020-07-27,1595808000000.0,DC,11001,1680.200751258592,82.46557912232252,
2020-07-28,1595894400000.0,DC,11001,1692.528080096465,82.6072725572406,
2020-07-29,1595980800000.0,DC,11001,1700.1795255820414,82.74896599215869,
2020-07-30,1596067200000.0,DC,11001,1708.3977448072899,82.74896599215869,
2020-07-31,1596153600000.0,DC,11001,1718.1745918166375,82.89065942707676,
2020-08-01,1596240000000.0,DC,11001,1729.3683731751657,82.89065942707676,
2020-08-02,1596326400000.0,DC,11001,1739.1452201845132,83.03235286199485,
2020-08-03,1596412800000.0,DC,11001,1744.6712641463184,83.03235286199485,
2020-08-04,1596499200000.0,DC,11001,1756.7152061143552,83.17404629691292,
2020-08-05,1596585600000.0,DC,11001,1763.0914106856687,83.17404629691292,
2020-08-06,1596672000000.0,DC,11001,1773.718418304525,83.17404629691292,
2020-08-07,1596758400000.0,DC,11001,1783.7786521837086,83.45743316674908,
2020-08-08,1596844800000.0,DC,11001,1792.8470320184656,83.59912660166717,
2020-08-09,1596931200000.0,DC,11001,1807.0163755102733,83.74082003658525,
2020-08-10,1597017600000.0,DC,11001,1814.6678209958498,83.74082003658525,
2020-08-11,1597104000000.0,DC,11001,1827.278536703559,84.0242069064214,
2020-08-12,1597190400000.0,DC,11001,1836.205223103398,84.0242069064214,
2020-08-13,1597276800000.0,DC,11001,1845.4152963730733,84.16590034133948,
2020-08-14,1597363200000.0,DC,11001,1858.7344792553727,84.16590034133948,
2020-08-15,1597449600000.0,DC,11001,1864.5439100870137,84.59098064609373,
2020-08-16,1597536000000.0,DC,11001,1873.1872096170168,84.59098064609373,
2020-08-17,1597622400000.0,DC,11001,1880.6969616676752,84.59098064609373,
2020-08-18,1597708800000.0,DC,11001,1888.0650202834152,84.87436751592988,
2020-08-19,1597795200000.0,DC,11001,1892.1741298960396,85.01606095084797,
2020-08-20,1597881600000.0,DC,11001,1899.967268816534,85.15775438576604,
2020-08-21,1597968000000.0,DC,11001,1908.4688749116187,85.29944782068412,
2020-08-22,1598054400000.0,DC,11001,1917.678948181294,85.58283469052029,
2020-08-23,1598140800000.0,DC,11001,1925.6137805367064,85.58283469052029,
2020-08-24,1598227200000.0,DC,11001,1932.5567588476922,85.58283469052029,
2020-08-25,1598313600000.0,DC,11001,1938.9329634190058,85.58283469052029,
2020-08-26,1598400000000.0,DC,11001,1938.9329634190058,85.72452812543837,
2020-08-27,1598486400000.0,DC,11001,1954.5192412599947,85.72452812543837,
2020-08-28,1598572800000.0,DC,11001,1962.5957670503253,85.72452812543837,
2020-08-29,1598659200000.0,DC,11001,1973.0810812342631,85.72452812543837,
2020-08-30,1598745600000.0,DC,11001,1977.8986580214778,85.86622156035645,
2020-08-31,1598832000000.0,DC,11001,1982.5745413737745,86.00791499527452,
2020-09-01,1598918400000.0,DC,11001,1990.6510671641051,86.00791499527452,
2020-09-02,1599004800000.0,DC,11001,1994.6184833418115,86.1496084301926,
2020-09-03,1599091200000.0,DC,11001,2002.83670256706,86.29130186511068,
2020-09-04,1599177600000.0,DC,11001,2010.063067747882,86.57468873494685,
2020-09-05,1599264000000.0,DC,11001,2017.431126363622,86.57468873494685,
2020-09-06,1599350400000.0,DC,11001,2023.2405571952634,86.57468873494685,
2020-09-07,1599436800000.0,DC,11001,2028.3415208523143,86.57468873494685,
2020-09-08,1599523200000.0,DC,11001,2035.0011122934638,86.57468873494685,
2020-09-09,1599609600000.0,DC,11001,2038.543448166416,87.14146247461916,
2020-09-10,1599696000000.0,DC,11001,2042.0857840393683,87.28315590953724,
2020-09-11,1599782400000.0,DC,11001,2053.5629522677323,87.28315590953724,
2020-09-12,1599868800000.0,DC,11001,2053.5629522677323,87.28315590953724,
2020-09-13,1599955200000.0,DC,11001,2067.5906023246225,87.28315590953724,
2020-09-14,1600041600000.0,DC,11001,2071.841405372165,87.28315590953724,
2020-09-15,1600128000000.0,DC,11001,2081.0514786418403,87.28315590953724,
2020-09-16,1600214400000.0,DC,11001,2088.9863109972525,87.42484934445532,
2020-09-17,1600300800000.0,DC,11001,2095.645902438402,87.70823621429147,
2020-09-18,1600387200000.0,DC,11001,2104.430895403323,87.70823621429147,
2020-09-19,1600473600000.0,DC,11001,2111.515567149227,87.70823621429147,
2020-09-20,1600560000000.0,DC,11001,2119.0253191998854,87.84992964920957,
2020-09-21,1600646400000.0,DC,11001,2122.2842682030014,87.99162308412764,
2020-09-22,1600732800000.0,DC,11001,2128.377085904479,87.99162308412764,
2020-09-23,1600819200000.0,DC,11001,2132.486195517103,87.99162308412764,
2020-09-24,1600905600000.0,DC,11001,2140.421027872516,87.99162308412764,
2020-09-25,1600992000000.0,DC,11001,2148.4975536628463,88.2750099539638,
2020-09-26,1601078400000.0,DC,11001,2155.8656122785865,88.41670338888188,
2020-09-27,1601164800000.0,DC,11001,2160.824882500719,88.41670338888188,
2020-09-28,1601251200000.0,DC,11001,2162.8085905895723,88.41670338888188,
2020-09-29,1601337600000.0,DC,11001,2167.909554246623,88.70009025871805,
2020-09-30,1601424000000.0,DC,11001,2171.593583554493,88.84178369363612,
2020-10-01,1601510400000.0,DC,11001,2176.127773471872,88.9834771285542,
2020-10-02,1601596800000.0,DC,11001,2185.337846741547,89.12517056347228,
2020-10-03,1601683200000.0,DC,11001,2192.422518487451,89.12517056347228,
2020-10-04,1601769600000.0,DC,11001,2198.9404164936827,89.40855743330845,
2020-10-05,1601856000000.0,DC,11001,2202.907832671389,89.40855743330845,
2020-10-06,1601942400000.0,DC,11001,2217.785643337787,89.40855743330845,
2020-10-07,1602028800000.0,DC,11001,2217.785643337787,89.40855743330845,
2020-10-08,1602115200000.0,DC,11001,2233.79700148353,89.83363773806269,
2020-10-09,1602201600000.0,DC,11001,2244.8490894071406,89.83363773806269,
2020-10-10,1602288000000.0,DC,11001,2255.4760970259968,90.11702460789884,
2020-10-11,1602374400000.0,DC,11001,2264.82786373059,90.25871804281692,
2020-10-12,1602460800000.0,DC,11001,2270.212214257477,90.25871804281692,
2020-10-13,1602547200000.0,DC,11001,2276.7301122637086,90.25871804281692,
2020-10-14,1602633600000.0,DC,11001,2285.7984920984654,90.40041147773499,
2020-10-15,1602720000000.0,DC,11001,2290.6160688856803,90.40041147773499,
2020-10-16,1602806400000.0,DC,11001,2303.2267845933893,90.82549178248924,
2020-10-17,1602892800000.0,DC,11001,2314.4205659519175,90.82549178248924,
2020-10-18,1602979200000.0,DC,11001,2319.5215296089686,90.82549178248924,
2020-10-19,1603065600000.0,DC,11001,2323.063865481921,90.82549178248924,
2020-10-20,1603152000000.0,DC,11001,2330.148537227825,90.96718521740732,
2020-10-21,1603238400000.0,DC,11001,2337.6582892784827,90.96718521740732,
2020-10-22,1603324800000.0,DC,11001,2343.184333240288,90.96718521740732,
2020-10-23,1603411200000.0,DC,11001,2353.38626055439,90.96718521740732,
2020-10-24,1603497600000.0,DC,11001,2367.1305237414435,90.96718521740732,
2020-10-25,1603584000000.0,DC,11001,2375.7738232714464,90.96718521740732,
2020-10-26,1603670400000.0,DC,11001,2382.1500278427598,90.96718521740732,
2020-10-27,1603756800000.0,DC,11001,2395.4692107250594,91.25057208724348,
2020-10-28,1603843200000.0,DC,11001,2404.962670864571,91.25057208724348,
2020-10-29,1603929600000.0,DC,11001,2419.273707791297,91.39226552216157,
2020-10-30,1604016000000.0,DC,11001,2429.1922482355626,91.53395895707965,
2020-10-31,1604102400000.0,DC,11001,2446.4788472955684,91.53395895707965,
2020-11-01,1604188800000.0,DC,11001,2461.07327109213,91.53395895707965,
2020-11-02,1604275200000.0,DC,11001,2470.850118101478,91.67565239199772,
2020-11-03,1604361600000.0,DC,11001,2483.0357535044327,91.67565239199772,
2020-11-04,1604448000000.0,DC,11001,2493.946147993125,91.67565239199772,
2020-11-05,1604534400000.0,DC,11001,2505.4233162214896,92.10073269675196,
2020-11-06,1604620800000.0,DC,11001,2521.0095940624783,92.38411956658811,
2020-11-07,1604707200000.0,DC,11001,2535.037244119368,92.66750643642429,
2020-11-08,1604793600000.0,DC,11001,2550.623521960357,92.66750643642429,
2020-11-09,1604880000000.0,DC,11001,2562.809157363312,92.80919987134236,
2020-11-10,1604966400000.0,DC,11001,2574.994792766267,93.09258674117852,
2020-11-11,1605052800000.0,DC,11001,2604.1836403593916,93.09258674117852,
2020-11-12,1605139200000.0,DC,11001,2622.320400028905,93.09258674117852,
2020-11-13,1605225600000.0,DC,11001,2644.84965618088,93.09258674117852,
2020-11-14,1605312000000.0,DC,11001,2665.8202845487563,93.2342801760966,
2020-11-15,1605398400000.0,DC,11001,2688.9163144404033,93.51766704593277,
2020-11-16,1605484800000.0,DC,11001,2701.2436432782756,93.51766704593277,
2020-11-17,1605571200000.0,DC,11001,2735.9585348332057,93.51766704593277,
2020-11-18,1605657600000.0,DC,11001,2758.062710680426,94.22613422052316,
2020-11-19,1605744000000.0,DC,11001,2788.243412317977,94.50952109035931,
2020-11-20,1605830400000.0,DC,11001,2806.663558857327,94.79290796019548,
2020-11-21,1605916800000.0,DC,11001,2828.342654399794,94.93460139511356,
2020-11-22,1606003200000.0,DC,11001,2855.264407034229,94.93460139511356,
2020-11-23,1606089600000.0,DC,11001,2874.959794487842,95.21798826494971,
2020-11-24,1606176000000.0,DC,11001,2891.8213132430938,95.3596816998678,
2020-11-25,1606262400000.0,DC,11001,2906.982510779328,95.92645543954012,
2020-11-26,1606348800000.0,DC,11001,2938.1550664613055,95.92645543954012,
2020-11-27,1606435200000.0,DC,11001,2966.63544687984,95.92645543954012,
2020-11-28,1606521600000.0,DC,11001,3019.2037112344474,96.0681488744582,
2020-11-29,1606608000000.0,DC,11001,3039.0407921229785,96.35153574429435,
2020-11-30,1606694400000.0,DC,11001,3053.776909354459,96.35153574429435,
2020-12-01,1606780800000.0,DC,11001,3072.6221361985636,97.06000291888476,
2020-12-02,1606867200000.0,DC,11001,3094.868005480702,97.76847009347516,
2020-12-03,1606953600000.0,DC,11001,3140.493291524324,98.05185696331131,
2020-12-04,1607040000000.0,DC,11001,3185.2684169584372,98.1935503982294,
2020-12-05,1607126400000.0,DC,11001,3240.812243446324,98.47693726806556,
2020-12-06,1607212800000.0,DC,11001,3278.2193102646975,98.76032413790172,
2020-12-07,1607299200000.0,DC,11001,3304.1492088547066,99.32709787757405,
2020-12-08,1607385600000.0,DC,11001,3342.4064362825875,99.32709787757405,
2020-12-09,1607472000000.0,DC,11001,3379.955196535879,99.75217818232827,
2020-12-10,1607558400000.0,DC,11001,3414.5283946558907,100.3189519220006,
2020-12-11,1607644800000.0,DC,11001,3451.2269942996736,100.46064535691869,
2020-12-12,1607731200000.0,DC,11001,3491.7513166862436,101.027419096591,
2020-12-13,1607817600000.0,DC,11001,3524.4825001523204,101.31080596642715,
2020-12-14,1607904000000.0,DC,11001,3547.7202234788856,101.45249940134525,
2020-12-15,1607990400000.0,DC,11001,3590.3699473892275,102.01927314101755,
2020-12-16,1608076800000.0,DC,11001,3627.6353207726825,102.01927314101755,
2020-12-17,1608163200000.0,DC,11001,3659.9414239340053,102.72774031560796,
2020-12-18,1608249600000.0,DC,11001,3698.7654251015583,103.15282062036219,
2020-12-19,1608336000000.0,DC,11001,3732.4884626120615,103.43620749019836,
2020-12-20,1608422400000.0,DC,11001,3769.1870622558445,104.4280615346249,
2020-12-21,1608508800000.0,DC,11001,3788.8824497094574,105.13652870921531,
2020-12-22,1608595200000.0,DC,11001,3811.55339929635,105.41991557905149,
2020-12-23,1608681600000.0,DC,11001,3857.745459079644,106.41176962347804,
2020-12-24,1608768000000.0,DC,11001,3887.5010804124413,107.12023679806843,
2020-12-25,1608854400000.0,DC,11001,3887.5010804124413,107.12023679806843,
2020-12-26,1608940800000.0,DC,11001,3926.3250815799956,107.97039740757691,
2020-12-27,1609027200000.0,DC,11001,3996.0382515596907,108.82055801708539,
2020-12-28,1609113600000.0,DC,11001,4015.875332448222,109.24563832183964,
2020-12-29,1609200000000.0,DC,11001,4043.222165387411,109.81241206151195,
2020-12-30,1609286400000.0,DC,11001,4074.819801374143,110.52087923610235,
2020-12-31,1609372800000.0,DC,11001,4106.700824230711,111.37103984561084,
2021-01-01,1609459200000.0,DC,11001,4144.816358223674,111.65442671544699,
2021-01-02,1609545600000.0,DC,11001,4181.231570997621,112.22120045511932,
2021-01-03,1609632000000.0,DC,11001,4217.363396901731,112.50458732495548,
2021-01-04,1609718400000.0,DC,11001,4237.200477790262,112.92966762970973,
2021-01-05,1609804800000.0,DC,11001,4274.324157738799,113.49644136938203,
2021-01-06,1609891200000.0,DC,11001,4319.099283172913,114.20490854397244,
2021-01-07,1609977600000.0,DC,11001,4357.073123730958,114.48829541380859,
2021-01-08,1610064000000.0,DC,11001,4407.657679996712,114.62998884872668,
2021-01-09,1610150400000.0,DC,11001,4457.250382218041,115.19676258839898,
2021-01-10,1610236800000.0,DC,11001,4504.57598948068,115.76353632807132,
2021-01-11,1610323200000.0,DC,11001,4533.198063334132,116.33031006774362,
2021-01-12,1610409600000.0,DC,11001,4594.126240348905,116.89708380741594,
2021-01-13,1610496000000.0,DC,11001,4619.205978329406,117.74724441692443,
2021-01-14,1610582400000.0,DC,11001,4650.378534011384,119.30587220102332,
2021-01-15,1610668800000.0,DC,11001,4695.720433185169,119.30587220102332,
2021-01-16,1610755200000.0,DC,11001,4751.972726847647,120.01433937561372,
2021-01-17,1610841600000.0,DC,11001,4796.464465411924,120.43941968036796,
2021-01-18,1610928000000.0,DC,11001,4822.252670567015,121.43127372479451,
2021-01-19,1611014400000.0,DC,11001,4854.2753868585005,121.99804746446682,
2021-01-20,1611100800000.0,DC,11001,4874.679241486704,122.28143433430299,
2021-01-21,1611187200000.0,DC,11001,4904.293169384582,122.42312776922107,
2021-01-22,1611273600000.0,DC,11001,4945.809345815581,122.84820807397531,
2021-01-23,1611360000000.0,DC,11001,4970.18061662149,123.27328837872956,
2021-01-24,1611446400000.0,DC,11001,5001.91994604314,123.55667524856571,
2021-01-25,1611532800000.0,DC,11001,5030.825406766428,124.54852929299227,
2021-01-26,1611619200000.0,DC,11001,5058.455626575454,125.82377020725498,
2021-01-27,1611705600000.0,DC,11001,5081.835043336937,126.81562425168156,
2021-01-28,1611792000000.0,DC,11001,5119.667190460064,127.80747829610812,
2021-01-29,1611878400000.0,DC,11001,5159.624739106964,128.5159454706985,
2021-01-30,1611964800000.0,DC,11001,5194.764710966647,128.79933234053468,
2021-01-31,1612051200000.0,DC,11001,5224.520332299443,129.366106080207,
2021-02-01,1612137600000.0,DC,11001,5243.7906394483025,129.7911863849612,
2021-02-02,1612224000000.0,DC,11001,5243.7906394483025,129.7911863849612,
2021-02-03,1612310400000.0,DC,11001,5270.854085517656,131.20812073414203,
2021-02-04,1612396800000.0,DC,11001,5294.375195714058,132.0582813436505,
2021-02-05,1612483200000.0,DC,11001,5332.49072970702,133.19182882299515,
2021-02-06,1612569600000.0,DC,11001,5366.922234392114,134.1836828674217,
2021-02-07,1612656000000.0,DC,11001,5389.309797109171,134.8921500420121,
2021-02-08,1612742400000.0,DC,11001,5403.620834035896,135.4589237816844,
2021-02-09,1612828800000.0,DC,11001,5424.166382099018,136.1673909562748,
2021-02-10,1612915200000.0,DC,11001,5433.65984223853,136.73416469594716,
2021-02-11,1613001600000.0,DC,11001,5459.873127698374,137.86771217529179,
2021-02-12,1613088000000.0,DC,11001,5479.285128282151,138.29279248004605,
2021-02-13,1613174400000.0,DC,11001,5497.138501081829,138.71787278480025,
2021-02-14,1613260800000.0,DC,11001,5514.425100141835,138.71787278480025,
2021-02-15,1613347200000.0,DC,11001,5526.185655240036,138.85956621971835,
2021-02-16,1613433600000.0,DC,11001,5544.605801779387,139.1429530895545,
2021-02-17,1613520000000.0,DC,11001,5551.548780090372,139.56803339430874,
2021-02-18,1613606400000.0,DC,11001,5568.69368571546,140.5598874387353,
2021-02-19,1613692800000.0,DC,11001,5591.364635302352,140.7015808736534,
2021-02-20,1613779200000.0,DC,11001,5604.400431314816,140.84327430857147,
2021-02-21,1613865600000.0,DC,11001,5617.8613076320335,140.98496774348953,
2021-02-22,1613952000000.0,DC,11001,5633.022505168268,140.98496774348953,
2021-02-23,1614038400000.0,DC,11001,5645.633220875977,141.4100480482438,
2021-02-24,1614124800000.0,DC,11001,5659.6608709328675,141.83512835299803,
2021-02-25,1614211200000.0,DC,11001,5685.023995783204,142.40190209267035,
2021-02-26,1614297600000.0,DC,11001,5707.978332239933,142.96867583234265,
2021-02-27,1614384000000.0,DC,11001,5735.46685861404,143.11036926726075,
2021-02-28,1614470400000.0,DC,11001,5752.470070804209,144.10222331168728,
2021-03-01,1614556800000.0,DC,11001,5764.655706207164,144.38561018152345,
2021-03-02,1614643200000.0,DC,11001,5776.416261305365,144.38561018152345,
2021-03-03,1614729600000.0,DC,11001,5783.6426264861875,144.95238392119577,
2021-03-04,1614816000000.0,DC,11001,5811.414539730131,145.09407735611384,
2021-03-05,1614902400000.0,DC,11001,5826.717430701283,145.5191576608681,
2021-03-06,1614988800000.0,DC,11001,5848.113139373913,145.94423796562234,
2021-03-07,1615075200000.0,DC,11001,5868.800380871953,145.94423796562234,
2021-03-08,1615161600000.0,DC,11001,5891.471330458846,146.65270514021273,
2021-03-09,1615248000000.0,DC,11001,5938.371857416731,146.79439857513083,
2021-03-10,1615334400000.0,DC,11001,5951.974427168866,146.9360920100489,
2021-03-11,1615420800000.0,DC,11001,5969.261026228872,147.077785444967,
2021-03-12,1615507200000.0,DC,11001,5991.081815206257,147.077785444967,
2021-03-13,1615593600000.0,DC,11001,6012.335830443968,147.36117231480313,
2021-03-14,1615680000000.0,DC,11001,6023.529611802496,147.50286574972122,
2021-03-15,1615766400000.0,DC,11001,6039.399276513322,147.6445591846393,
2021-03-16,1615852800000.0,DC,11001,6054.5604740495555,147.6445591846393,
2021-03-17,1615939200000.0,DC,11001,6066.03764227792,147.92794605447546,
2021-03-18,1616025600000.0,DC,11001,6077.514810506284,148.21133292431162,
2021-03-19,1616112000000.0,DC,11001,6097.635278264652,148.3530263592297,
2021-03-20,1616198400000.0,DC,11001,6117.614052588102,148.63641322906588,
2021-03-21,1616284800000.0,DC,11001,6125.265498073678,148.77810666398395,
2021-03-22,1616371200000.0,DC,11001,6147.086287051063,148.77810666398395,
2021-03-23,1616457600000.0,DC,11001,6161.96409771746,148.91980009890202,
2021-03-24,1616544000000.0,DC,11001,6177.125295253695,149.20318696873818,
2021-03-25,1616630400000.0,DC,11001,6187.610609437633,149.20318696873818,
2021-03-26,1616716800000.0,DC,11001,6209.714785284853,149.48657383857434,
2021-03-27,1616803200000.0,DC,11001,6241.737501576339,149.6282672734924,
2021-03-28,1616889600000.0,DC,11001,6259.307487506181,149.6282672734924,
2021-03-29,1616976000000.0,DC,11001,6269.6511082552015,150.05334757824667,
2021-03-30,1617062400000.0,DC,11001,6293.030525016684,150.3367344480828,
2021-03-31,1617148800000.0,DC,11001,6307.199868508493,150.76181475283707,
2021-04-01,1617235200000.0,DC,11001,6327.462029701777,151.04520162267323,
2021-04-02,1617321600000.0,DC,11001,6348.857738374409,151.47028192742746,
2021-04-03,1617408000000.0,DC,11001,6366.569417739168,151.61197536234553,
2021-04-04,1617494400000.0,DC,11001,6381.447228405566,151.61197536234553,
2021-04-05,1617580800000.0,DC,11001,6392.074236024423,151.8953622321817,
2021-04-06,1617667200000.0,DC,11001,6409.360835084428,152.17874910201786,
2021-04-07,1617753600000.0,DC,11001,6422.680017966728,152.46213597185402,
2021-04-08,1617840000000.0,DC,11001,6446.767901902802,152.6038294067721,
2021-04-09,1617926400000.0,DC,11001,6466.03820905166,152.88721627660826,
2021-04-10,1618012800000.0,DC,11001,6484.174968721173,153.17060314644442,
2021-04-11,1618099200000.0,DC,11001,6493.810122295604,153.17060314644442,
2021-04-12,1618185600000.0,DC,11001,6504.153743044623,153.59568345119865,
2021-04-13,1618272000000.0,DC,11001,6520.165101190367,153.73737688611672,
2021-04-14,1618358400000.0,DC,11001,6547.511934129556,154.16245719087098,
2021-04-15,1618444800000.0,DC,11001,6562.531438230873,154.44584406070712,
2021-04-16,1618531200000.0,DC,11001,6581.518358509896,154.87092436546138,
2021-04-17,1618617600000.0,DC,11001,6599.938505049245,155.15431123529754,
2021-04-18,1618704000000.0,DC,11001,6611.699060147447,155.2960046702156,
2021-04-19,1618790400000.0,DC,11001,6622.7511480710555,155.2960046702156,
2021-04-20,1618876800000.0,DC,11001,6641.029601175488,155.43769810513368,
2021-04-21,1618963200000.0,DC,11001,6651.23152848959,155.43769810513368,
2021-04-22,1619049600000.0,DC,11001,6665.25917854648,155.57939154005177,
2021-04-23,1619136000000.0,DC,11001,6679.570215473206,155.72108497496987,
2021-04-24,1619222400000.0,DC,11001,6690.622303396816,155.72108497496987,
2021-04-25,1619308800000.0,DC,11001,6705.358420628298,155.72108497496987,
2021-04-26,1619395200000.0,DC,11001,6713.151559548791,155.72108497496987,
2021-04-27,1619481600000.0,DC,11001,6726.329048996173,155.86277840988794,
2021-04-28,1619568000000.0,DC,11001,6735.114041961093,156.42955214956027,
2021-04-29,1619654400000.0,DC,11001,6746.591210189458,156.57124558447833,
2021-04-30,1619740800000.0,DC,11001,6758.35176528766,156.57124558447833,
2021-05-01,1619827200000.0,DC,11001,6758.35176528766,156.57124558447833,
2021-05-02,1619913600000.0,DC,11001,6772.946189084221,156.71293901939643,
2021-05-03,1620000000000.0,DC,11001,6787.540612880784,156.71293901939643,
2021-05-04,1620086400000.0,DC,11001,6799.301167978984,156.71293901939643,
2021-05-05,1620172800000.0,DC,11001,6807.094306899479,157.13801932415066,
2021-05-06,1620259200000.0,DC,11001,6812.6203508612825,157.27971275906873,
2021-05-07,1620345600000.0,DC,11001,6820.555183216697,157.27971275906873,
2021-05-08,1620432000000.0,DC,11001,6824.522599394401,157.27971275906873,
2021-05-09,1620518400000.0,DC,11001,6826.789694353091,157.27971275906873,
2021-05-10,1620604800000.0,DC,11001,6828.915095876862,157.27971275906873,
2021-05-11,1620691200000.0,DC,11001,6841.2424247147355,157.70479306382296,
2021-05-12,1620777600000.0,DC,11001,6848.893870200312,157.98817993365913,
2021-05-13,1620864000000.0,DC,11001,6858.529023774741,157.98817993365913,
2021-05-14,1620950400000.0,DC,11001,6861.362892473102,158.12987336857722,
2021-05-15,1621036800000.0,DC,11001,6876.3823965744195,158.41326023841336,
2021-05-16,1621123200000.0,DC,11001,6878.5077980981905,158.69664710824952,
2021-05-17,1621209600000.0,DC,11001,6884.884002669504,158.98003397808571,
2021-05-18,1621296000000.0,DC,11001,6888.568031977374,158.98003397808571,
2021-05-19,1621382400000.0,DC,11001,6891.118513805899,159.26342084792185,
2021-05-20,1621468800000.0,DC,11001,6895.085929983607,159.40511428283992,
2021-05-21,1621555200000.0,DC,11001,6898.911652726394,159.40511428283992,
2021-05-22,1621641600000.0,DC,11001,6904.296003253281,159.40511428283992,
2021-05-23,1621728000000.0,DC,11001,6907.271565386561,159.6885011526761,
2021-05-24,1621814400000.0,DC,11001,6909.255273475414,160.1135814574303,
2021-05-25,1621900800000.0,DC,11001,6915.064704307056,160.1135814574303,
2021-05-26,1621987200000.0,DC,11001,6917.756879570498,160.2552748923484,
2021-05-27,1622073600000.0,DC,11001,6920.874135138696,160.3969683272665,
2021-05-28,1622160000000.0,DC,11001,6928.525580624273,160.3969683272665,
2021-05-29,1622246400000.0,DC,11001,6928.525580624273,160.3969683272665,
2021-05-30,1622332800000.0,DC,11001,6928.525580624273,160.3969683272665,
2021-05-31,1622419200000.0,DC,11001,6928.525580624273,160.3969683272665,
2021-06-01,1622505600000.0,DC,11001,6942.978310985917,160.68035519710267,
2021-06-02,1622592000000.0,DC,11001,6944.536938770016,160.82204863202074,
2021-06-03,1622678400000.0,DC,11001,6948.7877418175585,160.9637420669388,
2021-06-04,1622764800000.0,DC,11001,6952.613464560346,160.9637420669388,
2021-06-05,1622851200000.0,DC,11001,6952.613464560346,160.9637420669388,
2021-06-06,1622937600000.0,DC,11001,6952.613464560346,160.9637420669388,
2021-06-07,1623024000000.0,DC,11001,6958.5645888269055,160.9637420669388,
2021-06-08,1623110400000.0,DC,11001,6959.839829741169,161.1054355018569,
2021-06-09,1623196800000.0,DC,11001,6960.973377220513,161.1054355018569,
2021-06-10,1623283200000.0,DC,11001,6964.374019658547,161.1054355018569,
2021-06-11,1623369600000.0,DC,11001,6965.365873702974,161.1054355018569,
2021-06-12,1623456000000.0,DC,11001,6968.341435836253,161.24712893677497,
2021-06-13,1623542400000.0,DC,11001,6968.341435836253,161.24712893677497,
2021-06-14,1623628800000.0,DC,11001,6971.316997969533,161.24712893677497,
2021-06-15,1623715200000.0,DC,11001,6973.159012623469,161.24712893677497,
2021-06-16,1623801600000.0,DC,11001,6974.575946972648,161.38882237169307,
2021-06-17,1623888000000.0,DC,11001,6975.851187886911,161.53051580661113,
2021-06-18,1623974400000.0,DC,11001,6977.409815671011,161.6722092415292,
2021-06-19,1624060800000.0,DC,11001,6977.409815671011,161.6722092415292,
2021-06-20,1624147200000.0,DC,11001,6977.409815671011,161.6722092415292,
2021-06-21,1624233600000.0,DC,11001,6980.101990934453,161.6722092415292,
2021-06-22,1624320000000.0,DC,11001,6981.944005588389,161.6722092415292,
2021-06-23,1624406400000.0,DC,11001,6983.219246502652,161.6722092415292,
2021-06-24,1624492800000.0,DC,11001,6985.0612611565875,161.6722092415292,
2021-06-25,1624579200000.0,DC,11001,6986.194808635932,161.6722092415292,
2021-06-26,1624665600000.0,DC,11001,6986.194808635932,161.6722092415292,
2021-06-27,1624752000000.0,DC,11001,6986.194808635932,161.6722092415292,
2021-06-28,1624838400000.0,DC,11001,6990.162224813638,161.6722092415292,
2021-06-29,1624924800000.0,DC,11001,6992.145932902491,161.6722092415292,
2021-06-30,1625011200000.0,DC,11001,6993.279480381835,161.6722092415292,
2021-07-01,1625097600000.0,DC,11001,6994.271334426262,161.6722092415292,
2021-07-02,1625184000000.0,DC,11001,6996.538429384952,161.6722092415292,
2021-07-03,1625270400000.0,DC,11001,6996.538429384952,161.6722092415292,
2021-07-04,1625356800000.0,DC,11001,6996.538429384952,161.6722092415292,
2021-07-05,1625443200000.0,DC,11001,6996.538429384952,161.6722092415292,
2021-07-06,1625529600000.0,DC,11001,7002.064473346756,161.8139026764473,
2021-07-07,1625616000000.0,DC,11001,7002.914633956264,161.95559611136537,
2021-07-08,1625702400000.0,DC,11001,7004.473261740364,161.95559611136537,
2021-07-09,1625788800000.0,DC,11001,7007.448823873644,161.95559611136537,
2021-07-10,1625875200000.0,DC,11001,7007.448823873644,161.95559611136537,
2021-07-11,1625961600000.0,DC,11001,7007.448823873644,161.95559611136537,
2021-07-12,1626048000000.0,DC,11001,7017.509057752827,162.09728954628346,
2021-07-13,1626134400000.0,DC,11001,7018.925992102008,162.09728954628346,
2021-07-14,1626220800000.0,DC,11001,7024.310342628895,162.23898298120153,
2021-07-15,1626307200000.0,DC,11001,7030.119773460536,162.23898298120153,
2021-07-16,1626393600000.0,DC,11001,7035.362430552505,162.3806764161196,
2021-07-17,1626480000000.0,DC,11001,7035.362430552505,162.3806764161196,
2021-07-18,1626566400000.0,DC,11001,7035.362430552505,162.3806764161196,
2021-07-19,1626652800000.0,DC,11001,7055.341204875955,162.3806764161196,
2021-07-20,1626739200000.0,DC,11001,7060.158781663169,162.3806764161196,
2021-07-21,1626825600000.0,DC,11001,7064.55127814563,162.3806764161196,
2021-07-22,1626912000000.0,DC,11001,7074.753205459731,162.3806764161196,
2021-07-23,1626998400000.0,DC,11001,7080.84602316121,162.3806764161196,
2021-07-24,1627084800000.0,DC,11001,7080.84602316121,162.3806764161196,
2021-07-25,1627171200000.0,DC,11001,7080.84602316121,162.3806764161196,
2021-07-26,1627257600000.0,DC,11001,7107.34269549089,162.5223698510377,
2021-07-27,1627344000000.0,DC,11001,7116.977849065319,162.5223698510377,
2021-07-28,1627430400000.0,DC,11001,7122.645586462042,162.66406328595576,
2021-07-29,1627516800000.0,DC,11001,7131.288885992046,162.80575672087386,
2021-07-30,1627603200000.0,DC,11001,7141.065733001394,162.80575672087386,
2021-07-31,1627689600000.0,DC,11001,7141.065733001394,162.80575672087386,
2021-08-01,1627776000000.0,DC,11001,7141.065733001394,162.80575672087386,
2021-08-02,1627862400000.0,DC,11001,7186.407632175179,162.80575672087386,
2021-08-03,1627948800000.0,DC,11001,7198.026493838461,162.80575672087386,
,,ZZ,00000,0.0,0.0,0.0
,,ZZ,00000,1000.0,0.0,0.0
,,ZZ,00000,2000.0,0.0,0.0
,,ZZ,00000,3000.0,0.0,0.0
,,ZZ,00000,4000.0,0.0,0.0
,,ZZ,00000,5000.0,0.0,0.0
,,ZZ,00000,6000.0,0.0,0.0
,,ZZ,00000,7000.0,0.0,0.0
,,ZZ,00000,8000.0,0.0,0.0
,,ZZ,00000,9000.0,0.0,0.0
,,ZZ,00000,10000.0,0.0,0.0
,,ZZ,00000,11000.0,0.0,0.0
,,ZZ,00000,12000.0,0.0,0.0
,,ZZ,00000,13000.0,0.0,0.0
,,ZZ,00000,14000.0,0.0,0.0
,,ZZ,00000,15000.0,0.0,0.0
,,ZZ,00000,16000.0,0.0,0.0
,,ZZ,00000,17000.0,0.0,0.0
,,ZZ,00000,18000.0,0.0,0.0
,,ZZ,00000,19000.0,0.0,0.0
,,ZZ,00000,20000.0,0.0,0.0
,,ZZ,00000,21000.0,0.0,0.0
,,ZZ,00000,22000.0,0.0,0.0
,,ZZ,00000,23000.0,0.0,0.0
,,ZZ,00000,24000.0,0.0,0.0
,,ZZ,00000,25000.0,0.0,0.0
,,ZZ,00000,26000.0,0.0,0.0
,,ZZ,00000,27000.0,0.0,0.0
,,ZZ,00000,28000.0,0.0,0.0
,,ZZ,00000,29000.0,0.0,0.0
,,ZZ,00000,30000.0,0.0,0.0
,,ZZ,00000,31000.0,0.0,0.0
,,ZZ,00000,32000.0,0.0,0.0
,,ZZ,00000,33000.0,0.0,0.0
,,ZZ,00000,34000.0,0.0,0.0
,,ZZ,00000,35000.0,0.0,0.0
,,ZZ,00000,36000.0,0.0,0.0
,,ZZ,00000,37000.0,0.0,0.0
,,ZZ,00000,38000.0,0.0,0.0
,,ZZ,00000,39000.0,0.0,0.0
,,ZZ,00000,40000.0,0.0,0.0
,,ZZ,00000,41000.0,0.0,0.0
,,ZZ,00000,42000.0,0.0,0.0
,,ZZ,00000,43000.0,0.0,0.0
,,ZZ,00000,44000.0,0.0,0.0
,,ZZ,00000,45000.0,0.0,0.0
,,ZZ,00000,0.0,0.0,0.1
,,ZZ,00000,1000.0,1.0,0.1
,,ZZ,00000,2000.0,2.0,0.1
,,ZZ,00000,3000.0,3.0,0.1
,,ZZ,00000,4000.0,4.0,0.1
,,ZZ,00000,5000.0,5.0,0.1
,,ZZ,00000,6000.0,6.0,0.1
,,ZZ,00000,7000.0,7.0,0.1
,,ZZ,00000,8000.0,8.0,0.1
,,ZZ,00000,9000.0,9.0,0.1
,,ZZ,00000,10000.0,10.0,0.1
,,ZZ,00000,11000.0,11.0,0.1
,,ZZ,00000,12000.0,12.0,0.1
,,ZZ,00000,13000.0,13.0,0.1
,,ZZ,00000,14000.0,14.0,0.1
,,ZZ,00000,15000.0,15.0,0.1
,,ZZ,00000,16000.0,16.0,0.1
,,ZZ,00000,17000.0,17.0,0.1
,,ZZ,00000,18000.0,18.0,0.1
,,ZZ,00000,19000.0,19.0,0.1
,,ZZ,00000,20000.0,20.0,0.1
,,ZZ,00000,21000.0,21.0,0.1
,,ZZ,00000,22000.0,22.0,0.1
,,ZZ,00000,23000.0,23.0,0.1
,,ZZ,00000,24000.0,24.0,0.1
,,ZZ,00000,25000.0,25.0,0.1
,,ZZ,00000,26000.0,26.0,0.1
,,ZZ,00000,27000.0,27.0,0.1
,,ZZ,00000,28000.0,28.0,0.1
,,ZZ,00000,29000.0,29.0,0.1
,,ZZ,00000,30000.0,30.0,0.1
,,ZZ,00000,31000.0,31.0,0.1
,,ZZ,00000,32000.0,32.0,0.1
,,ZZ,00000,33000.0,33.0,0.1
,,ZZ,00000,34000.0,34.0,0.1
,,ZZ,00000,35000.0,35.0,0.1
,,ZZ,00000,36000.0,36.0,0.1
,,ZZ,00000,37000.0,37.0,0.1
,,ZZ,00000,38000.0,38.0,0.1
,,ZZ,00000,39000.0,39.0,0.1
,,ZZ,00000,40000.0,40.0,0.1
,,ZZ,00000,41000.0,41.0,0.1
,,ZZ,00000,42000.0,42.0,0.1
,,ZZ,00000,43000.0,43.0,0.1
,,ZZ,00000,44000.0,44.0,0.1
,,ZZ,00000,45000.0,45.0,0.1
,,ZZ,00000,0.0,0.0,0.2
,,ZZ,00000,1000.0,2.0,0.2
,,ZZ,00000,2000.0,4.0,0.2
,,ZZ,00000,3000.0,6.0,0.2
,,ZZ,00000,4000.0,8.0,0.2
,,ZZ,00000,5000.0,10.0,0.2
,,ZZ,00000,6000.0,12.0,0.2
,,ZZ,00000,7000.0,14.0,0.2
,,ZZ,00000,8000.0,16.0,0.2
,,ZZ,00000,9000.0,18.0,0.2
,,ZZ,00000,10000.0,20.0,0.2
,,ZZ,00000,11000.0,22.0,0.2
,,ZZ,00000,12000.0,24.0,0.2
,,ZZ,00000,13000.0,26.0,0.2
,,ZZ,00000,14000.0,28.0,0.2
,,ZZ,00000,15000.0,30.0,0.2
,,ZZ,00000,16000.0,32.0,0.2
,,ZZ,00000,17000.0,34.0,0.2
,,ZZ,00000,18000.0,36.0,0.2
,,ZZ,00000,19000.0,38.0,0.2
,,ZZ,00000,20000.0,40.0,0.2
,,ZZ,00000,21000.0,42.0,0.2
,,ZZ,00000,22000.0,44.0,0.2
,,ZZ,00000,23000.0,46.0,0.2
,,ZZ,00000,24000.0,48.0,0.2
,,ZZ,00000,25000.0,50.0,0.2
,,ZZ,00000,26000.0,52.0,0.2
,,ZZ,00000,27000.0,54.0,0.2
,,ZZ,00000,28000.0,56.0,0.2
,,ZZ,00000,29000.0,58.0,0.2
,,ZZ,00000,30000.0,60.0,0.2
,,ZZ,00000,31000.0,62.0,0.2
,,ZZ,00000,32000.0,64.0,0.2
,,ZZ,00000,33000.0,66.0,0.2
,,ZZ,00000,34000.0,68.0,0.2
,,ZZ,00000,35000.0,70.0,0.2
,,ZZ,00000,36000.0,72.0,0.2
,,ZZ,00000,37000.0,74.0,0.2
,,ZZ,00000,38000.0,76.0,0.2
,,ZZ,00000,39000.0,78.0,0.2
,,ZZ,00000,40000.0,80.0,0.2
,,ZZ,00000,41000.0,82.0,0.2
,,ZZ,00000,42000.0,84.0,0.2
,,ZZ,00000,43000.0,86.0,0.2
,,ZZ,00000,44000.0,88.0,0.2
,,ZZ,00000,45000.0,90.0,0.2
,,ZZ,00000,0.0,0.0,0.25
,,ZZ,00000,1000.0,2.5,0.25
,,ZZ,00000,2000.0,5.0,0.25
,,ZZ,00000,3000.0,7.5,0.25
,,ZZ,00000,4000.0,10.0,0.25
,,ZZ,00000,5000.0,12.5,0.25
,,ZZ,00000,6000.0,15.0,0.25
,,ZZ,00000,7000.0,17.5,0.25
,,ZZ,00000,8000.0,20.0,0.25
,,ZZ,00000,9000.0,22.5,0.25
,,ZZ,00000,10000.0,25.0,0.25
,,ZZ,00000,11000.0,27.5,0.25
,,ZZ,00000,12000.0,30.0,0.25
,,ZZ,00000,13000.0,32.5,0.25
,,ZZ,00000,14000.0,35.0,0.25
,,ZZ,00000,15000.0,37.5,0.25
,,ZZ,00000,16000.0,40.0,0.25
,,ZZ,00000,17000.0,42.5,0.25
,,ZZ,00000,18000.0,45.0,0.25
,,ZZ,00000,19000.0,47.5,0.25
,,ZZ,00000,20000.0,50.0,0.25
,,ZZ,00000,21000.0,52.5,0.25
,,ZZ,00000,22000.0,55.0,0.25
,,ZZ,00000,23000.0,57.5,0.25
,,ZZ,00000,24000.0,60.0,0.25
,,ZZ,00000,25000.0,62.5,0.25
,,ZZ,00000,26000.0,65.0,0.25
,,ZZ,00000,27000.0,67.5,0.25
,,ZZ,00000,28000.0,70.0,0.25
,,ZZ,00000,29000.0,72.5,0.25
,,ZZ,00000,30000.0,75.0,0.25
,,ZZ,00000,31000.0,77.5,0.25
,,ZZ,00000,32000.0,80.0,0.25
,,ZZ,00000,33000.0,82.5,0.25
,,ZZ,00000,34000.0,85.0,0.25
,,ZZ,00000,35000.0,87.5,0.25
,,ZZ,00000,36000.0,90.0,0.25
,,ZZ,00000,37000.0,92.5,0.25
,,ZZ,00000,38000.0,95.0,0.25
,,ZZ,00000,39000.0,97.5,0.25
,,ZZ,00000,40000.0,100.0,0.25
,,ZZ,00000,41000.0,102.5,0.25
,,ZZ,00000,42000.0,105.0,0.25
,,ZZ,00000,43000.0,107.5,0.25
,,ZZ,00000,44000.0,110.0,0.25
,,ZZ,00000,45000.0,112.5,0.25
,,ZZ,00000,0.0,0.0,0.5
,,ZZ,00000,1000.0,5.0,0.5
,,ZZ,00000,2000.0,10.0,0.5
,,ZZ,00000,3000.0,15.0,0.5
,,ZZ,00000,4000.0,20.0,0.5
,,ZZ,00000,5000.0,25.0,0.5
,,ZZ,00000,6000.0,30.0,0.5
,,ZZ,00000,7000.0,35.0,0.5
,,ZZ,00000,8000.0,40.0,0.5
,,ZZ,00000,9000.0,45.0,0.5
,,ZZ,00000,10000.0,50.0,0.5
,,ZZ,00000,11000.0,55.0,0.5
,,ZZ,00000,12000.0,60.0,0.5
,,ZZ,00000,13000.0,65.0,0.5
,,ZZ,00000,14000.0,70.0,0.5
,,ZZ,00000,15000.0,75.0,0.5
,,ZZ,00000,16000.0,80.0,0.5
,,ZZ,00000,17000.0,85.0,0.5
,,ZZ,00000,18000.0,90.0,0.5
,,ZZ,00000,19000.0,95.0,0.5
,,ZZ,00000,20000.0,100.0,0.5
,,ZZ,00000,21000.0,105.0,0.5
,,ZZ,00000,22000.0,110.0,0.5
,,ZZ,00000,23000.0,115.0,0.5
,,ZZ,00000,24000.0,120.0,0.5
,,ZZ,00000,25000.0,125.0,0.5
,,ZZ,00000,26000.0,130.0,0.5
,,ZZ,00000,27000.0,135.0,0.5
,,ZZ,00000,28000.0,140.0,0.5
,,ZZ,00000,29000.0,145.0,0.5
,,ZZ,00000,30000.0,150.0,0.5
,,ZZ,00000,31000.0,155.0,0.5
,,ZZ,00000,32000.0,160.0,0.5
,,ZZ,00000,33000.0,165.0,0.5
,,ZZ,00000,34000.0,170.0,0.5
,,ZZ,00000,35000.0,175.0,0.5
,,ZZ,00000,36000.0,180.0,0.5
,,ZZ,00000,37000.0,185.0,0.5
,,ZZ,00000,38000.0,190.0,0.5
,,ZZ,00000,39000.0,195.0,0.5
,,ZZ,00000,40000.0,200.0,0.5
,,ZZ,00000,41000.0,205.0,0.5
,,ZZ,00000,42000.0,210.0,0.5
,,ZZ,00000,43000.0,215.0,0.5
,,ZZ,00000,44000.0,220.0,0.5
,,ZZ,00000,45000.0,225.0,0.5
,,ZZ,00000,0.0,0.0,0.75
,,ZZ,00000,1000.0,7.5,0.75
,,ZZ,00000,2000.0,15.0,0.75
,,ZZ,00000,3000.0,22.5,0.75
,,ZZ,00000,4000.0,30.0,0.75
,,ZZ,00000,5000.0,37.5,0.75
,,ZZ,00000,6000.0,45.0,0.75
,,ZZ,00000,7000.0,52.5,0.75
,,ZZ,00000,8000.0,60.0,0.75
,,ZZ,00000,9000.0,67.5,0.75
,,ZZ,00000,10000.0,75.0,0.75
,,ZZ,00000,11000.0,82.5,0.75
,,ZZ,00000,12000.0,90.0,0.75
,,ZZ,00000,13000.0,97.5,0.75
,,ZZ,00000,14000.0,105.0,0.75
,,ZZ,00000,15000.0,112.5,0.75
,,ZZ,00000,16000.0,120.0,0.75
,,ZZ,00000,17000.0,127.5,0.75
,,ZZ,00000,18000.0,135.0,0.75
,,ZZ,00000,19000.0,142.5,0.75
,,ZZ,00000,20000.0,150.0,0.75
,,ZZ,00000,21000.0,157.5,0.75
,,ZZ,00000,22000.0,165.0,0.75
,,ZZ,00000,23000.0,172.5,0.75
,,ZZ,00000,24000.0,180.0,0.75
,,ZZ,00000,25000.0,187.5,0.75
,,ZZ,00000,26000.0,195.0,0.75
,,ZZ,00000,27000.0,202.5,0.75
,,ZZ,00000,28000.0,210.0,0.75
,,ZZ,00000,29000.0,217.5,0.75
,,ZZ,00000,30000.0,225.0,0.75
,,ZZ,00000,31000.0,232.5,0.75
,,ZZ,00000,32000.0,240.0,0.75
,,ZZ,00000,33000.0,247.5,0.75
,,ZZ,00000,34000.0,255.0,0.75
,,ZZ,00000,35000.0,262.5,0.75
,,ZZ,00000,36000.0,270.0,0.75
,,ZZ,00000,37000.0,277.5,0.75
,,ZZ,00000,38000.0,285.0,0.75
,,ZZ,00000,39000.0,292.5,0.75
,,ZZ,00000,40000.0,300.0,0.75
,,ZZ,00000,41000.0,307.5,0.75
,,ZZ,00000,42000.0,315.0,0.75
,,ZZ,00000,43000.0,322.5,0.75
,,ZZ,00000,44000.0,330.0,0.75
,,ZZ,00000,45000.0,337.5,0.75
,,ZZ,00000,0.0,0.0,1.0
,,ZZ,00000,1000.0,10.0,1.0
,,ZZ,00000,2000.0,20.0,1.0
,,ZZ,00000,3000.0,30.0,1.0
,,ZZ,00000,4000.0,40.0,1.0
,,ZZ,00000,5000.0,50.0,1.0
,,ZZ,00000,6000.0,60.0,1.0
,,ZZ,00000,7000.0,70.0,1.0
,,ZZ,00000,8000.0,80.0,1.0
,,ZZ,00000,9000.0,90.0,1.0
,,ZZ,00000,10000.0,100.0,1.0
,,ZZ,00000,11000.0,110.0,1.0
,,ZZ,00000,12000.0,120.0,1.0
,,ZZ,00000,13000.0,130.0,1.0
,,ZZ,00000,14000.0,140.0,1.0
,,ZZ,00000,15000.0,150.0,1.0
,,ZZ,00000,16000.0,160.0,1.0
,,ZZ,00000,17000.0,170.0,1.0
,,ZZ,00000,18000.0,180.0,1.0
,,ZZ,00000,19000.0,190.0,1.0
,,ZZ,00000,20000.0,200.0,1.0
,,ZZ,00000,21000.0,210.0,1.0
,,ZZ,00000,22000.0,220.0,1.0
,,ZZ,00000,23000.0,230.0,1.0
,,ZZ,00000,24000.0,240.0,1.0
,,ZZ,00000,25000.0,250.0,1.0
,,ZZ,00000,26000.0,260.0,1.0
,,ZZ,00000,27000.0,270.0,1.0
,,ZZ,00000,28000.0,280.0,1.0
,,ZZ,00000,29000.0,290.0,1.0
,,ZZ,00000,30000.0,300.0,1.0
,,ZZ,00000,31000.0,310.0,1.0
,,ZZ,00000,32000.0,320.0,1.0
,,ZZ,00000,33000.0,330.0,1.0
,,ZZ,00000,34000.0,340.0,1.0
,,ZZ,00000,35000.0,350.0,1.0
,,ZZ,00000,36000.0,360.0,1.0
,,ZZ,00000,37000.0,370.0,1.0
,,ZZ,00000,38000.0,380.0,1.0
,,ZZ,00000,39000.0,390.0,1.0
,,ZZ,00000,40000.0,400.0,1.0
,,ZZ,00000,41000.0,410.0,1.0
,,ZZ,00000,42000.0,420.0,1.0
,,ZZ,00000,43000.0,430.0,1.0
,,ZZ,00000,44000.0,440.0,1.0
,,ZZ,00000,45000.0,450.0,1.0
,,ZZ,00000,0.0,0.0,2.0
,,ZZ,00000,1000.0,20.0,2.0
,,ZZ,00000,2000.0,40.0,2.0
,,ZZ,00000,3000.0,60.0,2.0
,,ZZ,00000,4000.0,80.0,2.0
,,ZZ,00000,5000.0,100.0,2.0
,,ZZ,00000,6000.0,120.0,2.0
,,ZZ,00000,7000.0,140.0,2.0
,,ZZ,00000,8000.0,160.0,2.0
,,ZZ,00000,9000.0,180.0,2.0
,,ZZ,00000,10000.0,200.0,2.0
,,ZZ,00000,11000.0,220.0,2.0
,,ZZ,00000,12000.0,240.0,2.0
,,ZZ,00000,13000.0,260.0,2.0
,,ZZ,00000,14000.0,280.0,2.0
,,ZZ,00000,15000.0,300.0,2.0
,,ZZ,00000,16000.0,320.0,2.0
,,ZZ,00000,17000.0,340.0,2.0
,,ZZ,00000,18000.0,360.0,2.0
,,ZZ,00000,19000.0,380.0,2.0
,,ZZ,00000,20000.0,400.0,2.0
,,ZZ,00000,21000.0,420.0,2.0
,,ZZ,00000,22000.0,440.0,2.0
,,ZZ,00000,23000.0,460.0,2.0
,,ZZ,00000,24000.0,480.0,2.0
,,ZZ,00000,25000.0,500.0,2.0
,,ZZ,00000,26000.0,520.0,2.0
,,ZZ,00000,27000.0,540.0,2.0
,,ZZ,00000,28000.0,560.0,2.0
,,ZZ,00000,29000.0,580.0,2.0
,,ZZ,00000,30000.0,600.0,2.0
,,ZZ,00000,31000.0,620.0,2.0
,,ZZ,00000,32000.0,640.0,2.0
,,ZZ,00000,33000.0,660.0,2.0
,,ZZ,00000,34000.0,680.0,2.0
,,ZZ,00000,35000.0,700.0,2.0
,,ZZ,00000,36000.0,720.0,2.0
,,ZZ,00000,37000.0,740.0,2.0
,,ZZ,00000,38000.0,760.0,2.0
,,ZZ,00000,39000.0,780.0,2.0
,,ZZ,00000,40000.0,800.0,2.0
,,ZZ,00000,41000.0,820.0,2.0
,,ZZ,00000,42000.0,840.0,2.0
,,ZZ,00000,43000.0,860.0,2.0
,,ZZ,00000,44000.0,880.0,2.0
,,ZZ,00000,45000.0,900.0,2.0
,,ZZ,00000,0.0,0.0,3.0
,,ZZ,00000,1000.0,30.0,3.0
,,ZZ,00000,2000.0,60.0,3.0
,,ZZ,00000,3000.0,90.0,3.0
,,ZZ,00000,4000.0,120.0,3.0
,,ZZ,00000,5000.0,150.0,3.0
,,ZZ,00000,6000.0,180.0,3.0
,,ZZ,00000,7000.0,210.0,3.0
,,ZZ,00000,8000.0,240.0,3.0
,,ZZ,00000,9000.0,270.0,3.0
,,ZZ,00000,10000.0,300.0,3.0
,,ZZ,00000,11000.0,330.0,3.0
,,ZZ,00000,12000.0,360.0,3.0
,,ZZ,00000,13000.0,390.0,3.0
,,ZZ,00000,14000.0,420.0,3.0
,,ZZ,00000,15000.0,450.0,3.0
,,ZZ,00000,16000.0,480.0,3.0
,,ZZ,00000,17000.0,510.0,3.0
,,ZZ,00000,18000.0,540.0,3.0
,,ZZ,00000,19000.0,570.0,3.0
,,ZZ,00000,20000.0,600.0,3.0
,,ZZ,00000,21000.0,630.0,3.0
,,ZZ,00000,22000.0,660.0,3.0
,,ZZ,00000,23000.0,690.0,3.0
,,ZZ,00000,24000.0,720.0,3.0
,,ZZ,00000,25000.0,750.0,3.0
,,ZZ,00000,26000.0,780.0,3.0
,,ZZ,00000,27000.0,810.0,3.0
,,ZZ,00000,28000.0,840.0,3.0
,,ZZ,00000,29000.0,870.0,3.0
,,ZZ,00000,30000.0,900.0,3.0
,,ZZ,00000,0.0,0.0,4.0
,,ZZ,00000,1000.0,40.0,4.0
,,ZZ,00000,2000.0,80.0,4.0
,,ZZ,00000,3000.0,120.0,4.0
,,ZZ,00000,4000.0,160.0,4.0
,,ZZ,00000,5000.0,200.0,4.0
,,ZZ,00000,6000.0,240.0,4.0
,,ZZ,00000,7000.0,280.0,4.0
,,ZZ,00000,8000.0,320.0,4.0
,,ZZ,00000,9000.0,360.0,4.0
,,ZZ,00000,10000.0,400.0,4.0
,,ZZ,00000,11000.0,440.0,4.0
,,ZZ,00000,12000.0,480.0,4.0
,,ZZ,00000,13000.0,520.0,4.0
,,ZZ,00000,14000.0,560.0,4.0
,,ZZ,00000,15000.0,600.0,4.0
,,ZZ,00000,16000.0,640.0,4.0
,,ZZ,00000,17000.0,680.0,4.0
,,ZZ,00000,18000.0,720.0,4.0
,,ZZ,00000,19000.0,760.0,4.0
,,ZZ,00000,20000.0,800.0,4.0
,,ZZ,00000,21000.0,840.0,4.0
,,ZZ,00000,22000.0,880.0,4.0
,,ZZ,00000,0.0,0.0,5.0
,,ZZ,00000,1000.0,50.0,5.0
,,ZZ,00000,2000.0,100.0,5.0
,,ZZ,00000,3000.0,150.0,5.0
,,ZZ,00000,4000.0,200.0,5.0
,,ZZ,00000,5000.0,250.0,5.0
,,ZZ,00000,6000.0,300.0,5.0
,,ZZ,00000,7000.0,350.0,5.0
,,ZZ,00000,8000.0,400.0,5.0
,,ZZ,00000,9000.0,450.0,5.0
,,ZZ,00000,10000.0,500.0,5.0
,,ZZ,00000,11000.0,550.0,5.0
,,ZZ,00000,12000.0,600.0,5.0
,,ZZ,00000,13000.0,650.0,5.0
,,ZZ,00000,14000.0,700.0,5.0
,,ZZ,00000,15000.0,750.0,5.0
,,ZZ,00000,16000.0,800.0,5.0
,,ZZ,00000,17000.0,850.0,5.0
,,ZZ,00000,18000.0,900.0,5.0
,,ZZ,00000,0.0,0.0,6.0
,,ZZ,00000,1000.0,60.0,6.0
,,ZZ,00000,2000.0,120.0,6.0
,,ZZ,00000,3000.0,180.0,6.0
,,ZZ,00000,4000.0,240.0,6.0
,,ZZ,00000,5000.0,300.0,6.0
,,ZZ,00000,6000.0,360.0,6.0
,,ZZ,00000,7000.0,420.0,6.0
,,ZZ,00000,8000.0,480.0,6.0
,,ZZ,00000,9000.0,540.0,6.0
,,ZZ,00000,10000.0,600.0,6.0
,,ZZ,00000,11000.0,660.0,6.0
,,ZZ,00000,12000.0,720.0,6.0
,,ZZ,00000,13000.0,780.0,6.0
,,ZZ,00000,14000.0,840.0,6.0
,,ZZ,00000,15000.0,900.0,6.0
,,ZZ,00000,0.0,0.0,7.000000000000001
,,ZZ,00000,1000.0,70.0,7.000000000000001
,,ZZ,00000,2000.0,140.0,7.000000000000001
,,ZZ,00000,3000.0,210.00000000000003,7.000000000000001
,,ZZ,00000,4000.0,280.0,7.000000000000001
,,ZZ,00000,5000.0,350.00000000000006,7.000000000000001
,,ZZ,00000,6000.0,420.00000000000006,7.000000000000001
,,ZZ,00000,7000.0,490.00000000000006,7.000000000000001
,,ZZ,00000,8000.0,560.0,7.000000000000001
,,ZZ,00000,9000.0,630.0000000000001,7.000000000000001
,,ZZ,00000,10000.0,700.0000000000001,7.000000000000001
,,ZZ,00000,11000.0,770.0000000000001,7.000000000000001
,,ZZ,00000,12000.0,840.0000000000001,7.000000000000001
,,ZZ,00000,0.0,0.0,8.0
,,ZZ,00000,1000.0,80.0,8.0
,,ZZ,00000,2000.0,160.0,8.0
,,ZZ,00000,3000.0,240.0,8.0
,,ZZ,00000,4000.0,320.0,8.0
,,ZZ,00000,5000.0,400.0,8.0
,,ZZ,00000,6000.0,480.0,8.0
,,ZZ,00000,7000.0,560.0,8.0
,,ZZ,00000,8000.0,640.0,8.0
,,ZZ,00000,9000.0,720.0,8.0
,,ZZ,00000,10000.0,800.0,8.0
,,ZZ,00000,11000.0,880.0,8.0
,,ZZ,00000,0.0,0.0,9.0
,,ZZ,00000,1000.0,90.0,9.0
,,ZZ,00000,2000.0,180.0,9.0
,,ZZ,00000,3000.0,270.0,9.0
,,ZZ,00000,4000.0,360.0,9.0
,,ZZ,00000,5000.0,450.0,9.0
,,ZZ,00000,6000.0,540.0,9.0
,,ZZ,00000,7000.0,630.0,9.0
,,ZZ,00000,8000.0,720.0,9.0
,,ZZ,00000,9000.0,810.0,9.0
,,ZZ,00000,10000.0,900.0,9.0
,,ZZ,00000,0.0,0.0,10.0
,,ZZ,00000,1000.0,100.0,10.0
,,ZZ,00000,2000.0,200.0,10.0
,,ZZ,00000,3000.0,300.0,10.0
,,ZZ,00000,4000.0,400.0,10.0
,,ZZ,00000,5000.0,500.0,10.0
,,ZZ,00000,6000.0,600.0,10.0
,,ZZ,00000,7000.0,700.0,10.0
,,ZZ,00000,8000.0,800.0,10.0
,,ZZ,00000,9000.0,900.0,10.0
,,ZZ,00000,0.0,0.0,20.0
,,ZZ,00000,1000.0,200.0,20.0
,,ZZ,00000,2000.0,400.0,20.0
,,ZZ,00000,3000.0,600.0,20.0
,,ZZ,00000,4000.0,800.0,20.0
,,ZZ,00000,0.0,0.0,30.0
,,ZZ,00000,1000.0,300.0,30.0
,,ZZ,00000,2000.0,600.0,30.0
,,ZZ,00000,3000.0,900.0,30.0
,,ZZ,00000,0.0,0.0,40.0
,,ZZ,00000,1000.0,400.0,40.0
,,ZZ,00000,2000.0,800.0,40.0
,,ZZ,00000,0.0,0.0,50.0
,,ZZ,00000,1000.0,500.0,50.0
,,ZZ,00000,0.0,0.0,75.0
,,ZZ,00000,1000.0,750.0,75.0
